basis_label,response_label,mode_index,frequency_cm-1,alpha_xx_prime,alpha_yy_prime,alpha_zz_prime,alpha_xy_prime,alpha_xz_prime,alpha_yz_prime,max_cartesian_displacement_A,rms_cartesian_displacement_A,iso_derivative,anisotropy_sq,frobenius_norm,raman_activity
direct,direct,0,-22.166627348347888,-0.0011737554032142938,0.00075967501914187,-0.0005885805953476098,-7.23185686792011e-05,-6.396830286735779e-05,-0.00011974135014778536,0.009058810855478473,0.0028171687084008823,-0.00033422032647334454,3.020167708176533e-06,0.0015324995330074991,2.616781915549344e-05
direct,direct,4,39.53688564266939,-0.00034221030610237513,-1.008582344419473e-05,-0.0008470190886533668,2.2316947140415557e-06,0.00018918737586991676,-0.00016722417096865557,0.003661760983062335,0.0027473861532586728,-0.0003997717393999789,7.240802356856204e-07,0.0009809039137409947,1.2260346612829152e-05
direct,direct,5,54.56753861757706,0.0001414968754953616,7.007195079289374e-05,9.051325901676677e-05,-2.0579057302424044e-05,-0.00017812687554293418,3.286715226845111e-05,0.004359373975748081,0.0027323411600257627,0.00010069402843500737,1.0375814131509244e-07,0.0003155787640153751,1.1825749205168004e-06
direct,direct,6,59.45478828753054,-0.00015628805588252526,0.00017552384844021773,5.430491223701317e-05,8.652197379862574e-05,4.790315141934846e-05,0.00011836655790195896,0.0061580811146867065,0.002779034223826704,2.451356826490188e-05,1.5594550196937804e-07,0.0003252174857949975,1.1186596900941565e-06
direct,direct,7,62.95600198019449,-5.749357099960051e-05,7.240602319602552e-05,6.11264791117172e-05,-6.423206966481364e-05,2.6619641340806102e-05,-2.7504840555457946e-05,0.006079465578951211,0.002742593594445796,2.5346310436047403e-05,3.230856548523422e-08,0.00015318730370035327,2.550695537690614e-07
direct,direct,8,69.32213432581727,-0.00039974389877017735,-0.00042608389512088785,-0.00042356510361440947,-1.5869568173735497e-05,7.489695227235423e-05,0.0003294915897672024,0.005887199396704138,0.002814163093034096,-0.00041646429916849154,3.4391210790239934e-07,0.0008657957473026234,1.0212297817002423e-05
direct,direct,9,70.39059344010377,4.902425424502255e-05,-2.2937168658865303e-05,8.110663658467132e-05,-9.502028708349816e-06,4.494772331926245e-05,0.0002737456534218814,0.0052694219202210025,0.002847990007059922,3.5731240723609524e-05,2.3965822697184356e-07,0.0004044778312905517,1.7350600591670889e-06
direct,direct,10,71.64555917461473,0.0002717928152118354,-4.7994731614542374e-05,0.0002595224098400628,4.041405112530691e-06,-3.5859915822882845e-06,0.00010728638441073225,0.0052478206961353345,0.0028441272786608866,0.00016110683114578528,1.3310939683333374e-07,0.00040817377551038097,2.0997592747159818e-06
direct,direct,11,81.52815325152325,0.0012042055200855994,-0.002058294099988034,0.00029079359890049616,-7.614652414515395e-05,0.00012544499402502993,-0.0005469585908545859,0.005696254373427505,0.002818274010451772,-0.00018776499366731278,9.460314382231424e-06,0.0025323197533806048,6.780870685372983e-05
direct,direct,12,85.73753756691633,-0.00041282627515903947,0.00018906629012160892,-0.000228232983101595,-5.0191278206075196e-05,0.00018229741034301368,8.619907645585935e-05,0.00535799677015552,0.002780956805836444,-0.00015066432271300853,4.147893865453849e-07,0.0005870481003398547,3.925013922053325e-06
direct,direct,13,87.35717620013874,-0.000500658278907995,0.0003070396238280537,-0.00035655541111845324,-0.00012302501787003555,0.00020258651743862365,5.679602186341344e-05,0.006309839325992806,0.0027779151158412443,-0.00018339135539946483,7.349566750055436e-07,0.0007686795719778958,6.658154240625182e-06
direct,direct,14,90.10141492189523,-0.0007509412200012999,-0.0005939558039347315,-0.0009955888633050858,-0.0007279477325425676,0.0009245899784100459,-0.0004189752502317505,0.0059909241781996945,0.002835132482589303,-0.0007801619624137057,4.8038473716961786e-06,0.0022424368390783567,6.1016302543747447e-05
direct,direct,15,99.93348099667855,0.00021705178206432585,0.0003979290892697218,0.00027690984131023555,0.00010020161911582031,-0.00022857463504253792,6.508578694633567e-05,0.0055162219914328845,0.002746780893408921,0.00029729690421476107,2.250412867096762e-07,0.0006443476330678649,5.5526342234733704e-06
direct,direct,16,100.12820816645754,-0.0005505703017816277,0.0005178677143258259,-7.125328483348348e-05,0.00024186917299923833,-0.0002812369221074858,0.00024855989975616517,0.004835287887371612,0.00274962469207564,-3.465195742976176e-05,1.4573148552369481e-06,0.000987494562661372,1.0255238103575768e-05
direct,direct,17,101.6227929569078,-0.0007245493728169627,0.0004274720708297153,-0.0002751038269144246,0.0007963993860206025,-0.0007932674065823666,0.0002520115618017543,0.007437213246036762,0.0028214977431980496,-0.000190727042967224,4.992488761767193e-06,0.0018540378248393943,3.658437755372631e-05
direct,direct,18,109.46878641560434,-2.2305409896894446e-05,-0.00040153020468336464,-0.00036076013795294237,0.0025435094237332965,-0.0020834531180395108,-0.0003075404226184162,0.00571635535928697,0.0028661977888387864,-0.00026153191751106714,3.284440720883164e-05,0.004701219874052423,0.0002329888029362872
direct,direct,19,114.22376966431463,4.202713089762611e-05,-0.00021844661037051516,-4.452002145827194e-05,-0.0010100352398211899,0.0006822974309939105,2.1920522791070776e-06,0.00538218822491551,0.002749359485535379,-7.3646500310387e-05,4.509911044245092e-06,0.0017386427993851886,3.18134486250742e-05
direct,direct,20,117.93417321613713,-0.00021230049266462991,0.00011758127038019595,-7.916410732944357e-05,0.001008600753433058,-0.0008408095984445289,6.131567544809258e-05,0.005246161876879768,0.0028114568522980216,-5.7961109871292514e-05,5.26661562732341e-06,0.0018764742352760427,3.7017486452851906e-05
direct,direct,21,118.37164429418617,-0.0005329385352714766,6.124814736163664e-05,-0.0002967385848884341,-3.3539634562697004e-05,0.00012863564632378593,0.0002066910449810772,0.005441215414752741,0.002801754015347541,-0.000256142990932758,4.4968103942461105e-07,0.000704709198909979,6.10018270715133e-06
direct,direct,22,123.98347018573564,0.0013373301292940454,-0.004145449251570232,-0.0018091448617196804,0.0001083911891320934,-0.00019487784877193618,-0.001975985886924934,0.007343484881993864,0.002874611958631996,-0.0015390879946652891,3.4572485158620025e-05,0.005491329438765123,0.0003486030295998671
direct,direct,23,139.8513910812932,-0.0004922985283639658,-0.00012336957429304185,-0.0005031318444859156,-0.00020351051557679128,2.732183760420719e-05,-4.30337261761015e-05,0.005235890348366121,0.0027501763261012905,-0.00037293331571430777,2.722674009230599e-07,0.0007737889728629995,8.16443841509646e-06
direct,direct,24,140.24340823489734,-0.0003401160309168816,-3.1391991650586704e-06,-0.00016638318293904497,-0.0003858670633736093,-3.50542174050576e-05,5.6510885970053465e-05,0.005169573298406231,0.0027177093629411407,-0.00016987947100699508,5.451395498839173e-07,0.0006708229800760613,5.114633409320163e-06
direct,direct,25,140.4261071754467,-0.0007661722342044985,-0.0003826980613541586,-0.00059101209573309,0.00016034742537678726,-3.4865398113749485e-05,-3.7503186219650306e-05,0.0051767764155475834,0.0027350605171706684,-0.000579960797097249,1.955642714975621e-07,0.0010674454363139149,1.6504903578118374e-05
direct,direct,26,143.42333473265123,-4.173032475462968e-05,0.0006482554019504594,0.00046261781200485075,3.047259159151387e-05,3.218630577085646e-05,0.0012283947206455283,0.006023224908144513,0.002879033623825553,0.0003563809630668935,4.915208710937014e-06,0.001912544896152977,4.012179356420099e-05
direct,direct,27,162.99178764010705,-0.006256142355570704,-0.005945084155709601,-0.006872515222332565,4.0717920805975315e-06,-0.00011090895654395014,0.00020408522691717137,0.006445207912277723,0.0027792307967629383,-0.00635791391120429,8.303050168939822e-07,0.011037334124904638,0.0018248502537210843
direct,direct,28,163.76297032022688,0.003155923689561746,0.003051428044495985,0.003556223221109489,2.8020246399935956e-05,1.9633421045615385e-05,-1.4781862594107423e-05,0.00591149406369213,0.0027494426826940284,0.00325452498505574,2.1715593923971115e-07,0.005649829135577111,0.0004781570711005209
direct,direct,29,165.38373540439378,-0.007393712762022719,-0.007310426317951313,-0.008440326231176076,-0.00012643665566117418,1.5021680252229672e-05,-6.730222794289892e-05,0.0065107029981764245,0.0028298372471288586,-0.007714821770383369,1.2517295057176874e-06,0.013393651898697708,0.002687093479235177
direct,direct,30,170.55849507902315,-0.003177232403761554,-0.00294919345058986,-0.003500913220565449,5.959186786537397e-05,-0.00015971373243407535,4.8025850137097155e-05,0.006716738109833148,0.0027901170785151076,-0.0032091130249722877,3.246813179314936e-07,0.00557778391774858,0.00046570105754262583
direct,direct,31,171.39449616237818,0.0008190309845657051,0.00025449548078815276,0.000321363405781927,-2.871670415031995e-05,-0.0002589715930249001,-0.00012392952582386194,0.006032340285722233,0.0027803688894926576,0.00046496329037859496,5.351707240815442e-07,0.0010026729610995294,1.347478383155684e-05
direct,direct,32,173.08945514738045,0.0018274249505711992,0.0018749879537505176,0.002074008556707252,-3.811040677155784e-05,-5.80751692183181e-05,-4.608379660913514e-05,0.006712863205805647,0.0028102709658464307,0.0019254738203429895,7.2183991325705e-08,0.003342225450109924,0.00016734051241646015
direct,direct,33,176.42946737867834,0.0008233509465105371,0.0008357276988879558,0.000982954931499913,0.0001946814865997384,-7.792009908434481e-05,1.448043199004951e-05,0.006467159853892385,0.0028421568558495494,0.0008806778589661354,1.561975549530882e-07,0.0015591382803079356,3.599508999196455e-05
direct,direct,34,178.2325782149528,0.0001966034148515039,3.7317854457707966e-05,0.00013079736025822797,0.00040538284753747095,7.506369046576765e-05,-0.00015921088280016447,0.007531137537187084,0.002842075924777864,0.00012157287652247994,6.051741200057142e-07,0.0006691706107227015,4.901317233807756e-06
direct,direct,35,178.6542360012239,0.00010320136036967575,0.00018605944429483934,0.00015833400665021813,-0.0005301091330974332,0.00032276417492390215,-4.417882531844962e-05,0.0071454111435223025,0.0028484404588042414,0.0001491982704382444,1.166769407967528e-06,0.0009190357140414307,9.169091431352054e-06
direct,direct,36,180.21049405625232,0.00046858279770356503,0.0005435898189509736,0.00064341761405462,-0.0005163095475598222,0.0003363876577282946,7.078431065851622e-05,0.005320746267928727,0.0027706906584213575,0.0005518634102363862,1.1773072988863596e-06,0.0013032771014884394,2.1946046152302543e-05
direct,direct,37,182.36772993304876,-0.0007695628234061225,-0.0009896169297829438,-0.0010765819830182988,-0.0005106926152895877,-6.833911344909281e-05,-0.00029548380443197245,0.006862129745692602,0.002842058572970803,-0.0009452539120691217,1.1334873285530052e-06,0.0018536917472657835,4.8142134422560086e-05
direct,direct,38,185.04703420694958,-0.00036192639994214737,0.00030988787773078563,0.0005075744652094372,-0.00018913743693892263,0.00012493315549111462,0.00134319699933598,0.006471205388516228,0.0028147063000147814,0.0001518453143326918,6.189901409780674e-06,0.002048358352024412,4.436687484528045e-05
direct,direct,39,187.0032243487482,-0.00014874582798252156,-0.00031690228484815286,-0.00023674093230674487,-0.00040846130319166247,0.00023810726089906065,0.00011953979136139232,0.007033470175577486,0.002785549396384064,-0.0002341296817124731,7.346991842557802e-07,0.0008088569587676624,7.609646143435739e-06
direct,direct,40,187.43093635143333,0.0003785093173047649,0.0007731079709683009,0.0012074168877296287,0.00034147543526431704,-0.0006833702785439315,0.0009068869747885745,0.006350315496494885,0.002768600183348937,0.0007863447253342315,4.733843233061576e-06,0.002238506102267899,6.0962113849174585e-05
direct,direct,41,191.10708793250308,0.0013458912283614843,0.0015257333706175658,0.002873061670944921,0.00011367797900977794,-0.00011449705862693218,0.00044646496459506066,0.005382148246341689,0.002754124840937423,0.0019148954233079902,2.766032824717879e-06,0.003583921780642389,0.00018436933147229008
direct,direct,42,205.04270264781735,-0.00014886207633124648,0.00013974756764012497,-5.328472109655813e-05,-0.00026682235796796067,0.00025325915830829636,0.00018164654036480557,0.003972031397681893,0.002806445154152457,-2.0799743262559883e-05,5.698355237762675e-07,0.0006174044356364339,4.008316985824351e-06
direct,direct,43,214.5032313443961,-0.0001383884591077411,-3.862730268866521e-05,-0.00026361053465540074,-9.615933981851042e-05,-1.586960460312426e-05,0.00016421431371587292,0.00543739242836148,0.0027989785462178476,-0.00014687543215060236,1.475195670416657e-07,0.00040381128728164066,2.0033946349158387e-06
direct,direct,44,216.83953923376257,-0.0003565891904522278,-0.00023505309887927872,-0.0004292735308875084,2.3293617598054317e-05,0.00011380596793218125,-0.00010615774985830127,0.005763175935618776,0.0027946899373674445,-0.0003403052734063383,1.0317938199268986e-07,0.000645142846187014,5.933601233816149e-06
direct,direct,45,222.4110704843413,0.0025499308233267737,0.0015091582494419775,0.003911340870333957,4.9820959361657506e-05,-3.992820957353867e-05,0.0005125021603721467,0.005534669250130382,0.002765824928548371,0.002656809981034236,5.1537676682719185e-06,0.004961024383950425,0.0003537151410674446
direct,direct,46,223.4548794854379,-0.0008845046092165187,-0.0006706937344902464,-0.0013426818119011141,-0.00012137999928472036,0.00019000593503533633,-0.00013782949082402456,0.005632697761631274,0.0027782498289391304,-0.0009659600518692931,5.631016920441875e-07,0.0017817512714886556,4.593025882563905e-05
direct,direct,47,224.67256345549973,0.0003734769073537869,0.00023677832305168955,0.0003793722789735554,-0.00010864079188034192,0.00011117187015588083,-0.00015290423741679167,0.0058999820966529415,0.0027719821584006317,0.0003298758364596773,1.6215228389415308e-07,0.0006592084078923883,6.0318790238578e-06
direct,direct,48,228.65122049352195,-0.00031134631795382006,-0.00015372158034265837,-0.0003561794846906885,0.00038429723727715406,-0.000565659731926198,-9.68818469953463e-05,0.004479458462819645,0.002776179578866422,-0.00027374912766238896,1.4650465604265229e-06,0.0010961356949022198,1.3627562243302012e-05
direct,direct,49,233.1256702739856,0.0005415769980099405,0.00038437152011239206,0.0010651976450704037,-0.00012237121007990546,-4.536269198519032e-05,-7.617040830419902e-05,0.004363072783447554,0.002752670806154136,0.0006637153877309121,4.497114323125544e-07,0.0012733271257905753,2.2971295242173653e-05
direct,direct,50,234.10408104390407,0.0003362006713070187,0.0002517483691488742,0.00014064769539134936,5.8823346828468617e-05,-0.00018387820814339364,-7.944748465494623e-05,0.004438386666530271,0.002758001794481636,0.00024286557861574742,1.596081118597067e-07,0.0005323123854801393,3.7715228004542277e-06
direct,direct,51,239.83662526608757,-0.0013788264705993925,0.0006678434901086217,0.0005532695074328409,5.472078874804845e-05,6.511279672012117e-06,-0.0020486232270558588,0.004633595011942053,0.002841658196660108,-5.2571157685976644e-05,1.6567171660700343e-05,0.0033246161112216992,0.00011609456932282237
direct,direct,52,244.729340411885,0.0004637984272359841,0.0010004517867201468,0.0010825012165305292,8.506125571957349e-05,-0.001673732601014625,2.169281888856657e-05,0.005064345136473584,0.00281244847529237,0.0008489171434955534,8.766021485274662e-06,0.002829486750822204,9.379186464035188e-05
direct,direct,53,249.41488961181102,-0.0008090822736550596,3.180207806985358e-05,-0.0008446766605196832,-0.0002521633839392224,0.0001463512178609479,-0.0006717119972264075,0.004884271362308762,0.0028084719388886703,-0.0005406522853682963,2.3468903914366556e-06,0.0015625326477590761,2.9581952955384868e-05
direct,direct,54,251.60129053272343,0.000170135927998194,0.00037726875360077905,0.0005699947283965834,0.0012875308177865503,0.0024785342990964777,-3.116607029412036e-05,0.006014768977284373,0.0028612996409591975,0.0003724664699985188,2.3525484791985618e-05,0.0040124618804182905,0.0001709213007511914
direct,direct,55,263.75222535252396,-9.161186767081553e-05,-3.357477396104258e-06,1.125336281493361e-05,1.2925173981467473e-06,4.443466664775526e-05,-0.00019287236469861264,0.0053554063114637255,0.00276473415758393,-2.7905327417328724e-05,1.2681936264592875e-07,0.00029475814434678046,9.227773669435756e-07
direct,direct,56,264.3581826173065,5.670283878767002e-05,2.8279884098925123e-05,0.0003379740855546931,-6.8883953357939194e-06,0.00010773122362283202,0.0001650459876582043,0.005197536652723808,0.0027629686336804837,0.00014098560281376274,2.045968722401608e-07,0.00044275132459322363,2.3266404147153284e-06
direct,direct,57,265.877108541604,1.2276346839090735e-06,0.0006408939244362255,-0.00031671771846819574,-1.6380742812862953e-05,-2.3580151900852466e-05,-0.0010495623397074622,0.004184368839244137,0.00268486341925878,0.00010846794688397961,4.020857505924221e-06,0.0016479889432638268,2.8675440839024707e-05
direct,direct,58,268.751879067541,-0.0002971745576685336,-0.0001637633088724666,-0.0005742478818926422,9.781983076309844e-05,6.316957673406172e-05,-0.0007249417010873199,0.004607054100544744,0.0028360273585023954,-0.00034506191614454745,1.7488316405667164e-06,0.0012341357049765033,1.7599869152767616e-05
direct,direct,59,272.0505399122054,-9.455077074616014e-05,-5.992401340804143e-05,-6.174483291210286e-05,-0.0002459185383965777,-0.0002132373371794538,1.4236179925707082e-06,0.006846356819808517,0.0027167930992684757,-7.207320568876814e-05,3.1898362718034146e-07,0.00047774406578033745,2.4666400042838866e-06
direct,direct,60,272.58500454637397,0.00033696919504944134,0.00020223251203099757,0.00035340855691234907,-0.00013812047421055888,-0.00018938897237818413,6.300992188653168e-05,0.005856224850703811,0.0027157100748092648,0.00029753675466426266,1.9738630698990352e-07,0.0006302184006001628,5.365469565855698e-06
direct,direct,61,277.119363464264,-9.480913399695368e-05,1.314615350023196e-05,3.0323802517884246e-05,-2.9211690220483052e-05,-1.437282055713773e-05,-3.0216464403029497e-05,0.005785352418893505,0.002808113141939742,-1.7113059326279156e-05,1.972264037457414e-08,0.00011843562519316986,1.5123703859973276e-07
direct,direct,62,278.8112362470288,0.0001661457349655393,0.00017222568207020394,0.00013956420991223517,0.00010890759113851327,0.0001109712196811833,1.5576397112068707e-05,0.005346129547271374,0.0028049631163720038,0.00015931187564932614,7.4159454953588e-08,0.00035437333111345214,1.661228502205902e-06
direct,direct,63,282.69557394354234,1.726693487080766e-06,0.0001141708048635337,3.585901508285083e-05,-5.4480076809916046e-05,5.35464300711453e-05,-3.967225029890241e-05,0.005573271537986486,0.002750831744276849,5.0585504477821765e-05,3.219827414877705e-08,0.00017071085463148464,3.4053811588884704e-07
direct,direct,64,292.09593365956715,0.0002609610390069683,0.00011431424162711146,0.0004223532873848246,0.0011350817552477886,0.00029805945273243063,-0.00011801128087666861,0.006180496408107227,0.002870190139444946,0.0002658761893396348,4.244750469985901e-06,0.0017441055274353568,3.2894309952500746e-05
direct,direct,65,298.4447671269425,-0.0002548132243584966,-0.0001134062841823269,0.00018911280034505928,-0.0002751505827382393,-0.00012179663209869597,-4.804257321820715e-05,0.005542108056121109,0.0027445474280775265,-5.9702236065254745e-05,4.328430721608021e-07,0.0005470421547566289,3.1902975697292278e-06
direct,direct,66,298.5328453369483,-0.000278579447348104,-0.00014901387690891,-0.000297155116560921,6.06879760514664e-05,2.371736501856899e-05,0.00014083532807723093,0.00522674975012585,0.002746412470282866,-0.00024158281360597833,9.177946013359216e-08,0.0004860792880231277,3.268757733275284e-06
direct,direct,67,303.6056382530948,-0.0012304149671471531,-0.0009552331670126257,-0.0032241961310564005,3.712072752467307e-05,5.37477463054579e-05,-0.0005207398449057644,0.004084780418490343,0.0027006012043018644,-0.0018032814217387265,5.425850906595521e-06,0.0036568710116292695,0.00018431303121563058
direct,direct,68,304.39914187887666,-0.00029993939196670816,5.385536682167569e-05,-0.0004252053453179805,0.0003832762717783609,8.444762236537041e-05,0.00027723979895659737,0.005882714344613899,0.002886492431046603,-0.000223763123487671,8.778627508363802e-07,0.0008575847714306711,8.398186350337803e-06
direct,direct,69,313.58403355196805,-1.7691372593553467e-05,-0.00024637537158533895,-2.910596252347908e-05,0.00024178310451259804,0.00040857904208343673,6.833595153792928e-05,0.005424478420785232,0.002851659095581342,-9.772423556745717e-05,7.400134467766051e-07,0.0007224903989000835,5.609845307212209e-06
direct,direct,70,313.7863678231894,8.189061652119634e-05,3.778006071430973e-05,0.00018889902730911956,-2.86374596211161e-05,4.4626587178958006e-05,-0.00011903754733984685,0.005988714335124456,0.002759766376336932,0.00010285656818154187,6.906146374925174e-08,0.00027888957794633884,9.5950655905855e-07
direct,direct,71,314.572245965001,0.00019677331823841904,9.273613112981138e-05,3.378386358332541e-05,-0.0001820027864592103,-0.0003068360142142506,-2.176841067437485e-05,0.005823592876243306,0.0027848705386085033,0.00010776443765051862,4.0367398704283316e-07,0.000551321606168565,3.3483107402957955e-06
direct,direct,72,323.5503605717909,0.0010559282355493416,0.002229439965776292,-0.0014524794635750737,-2.889421036392822e-05,-0.00024701499183364396,-0.0009156548634068219,0.0060061420382470886,0.002782350849700346,0.00061096291258352,1.3313710156512076e-05,0.003161587229963087,0.00010999337672044874
direct,direct,73,325.1178096145153,-8.70542863973256e-05,2.523348116456603e-05,-0.00016884752803481007,0.0001545598564133757,0.00010913580161229423,-0.000104882710448128,0.0068909428861158055,0.0028092308624791725,-7.688944442252321e-05,1.6888232370380648e-07,0.00036100439857895153,1.4482156657888381e-06
direct,direct,74,326.2055394535923,0.0006160340094141237,0.0012850960902155428,-0.00023980083018737552,3.282801296407875e-05,5.1640990877615284e-05,-0.0004529047830877358,0.006742829396211251,0.002796363588294104,0.0005537764231474304,2.3793056180013985e-06,0.0015831009840929766,3.0455214033538074e-05
direct,direct,75,326.9992691742289,-0.0003308146641667342,-0.0005687064663018049,4.154924167387719e-05,4.526173563868251e-05,-0.00011719911432886887,0.00014410541818203441,0.006686841859017366,0.0028209639884433893,-0.00028599062959822064,3.9348159449217295e-07,0.0007125257775328146,6.434949971254609e-06
direct,direct,76,328.6980606250657,0.00010419546860873652,0.00018943355405420803,0.00012872591307777626,0.00013648248991665748,-3.505051034048089e-05,-7.602341587495051e-05,0.007148018350148765,0.002807261052240867,0.00014078497858024028,8.268305006541378e-08,0.0003385014977196684,1.4706998091806387e-06
direct,direct,77,343.7275696542102,0.0012380891903274183,0.0013052526927148644,-0.0016350281643418008,8.556016139892758e-06,-5.014556242349019e-05,0.00019408486078404362,0.006206974329418471,0.002754834407401621,0.00030277123956682733,8.573053042149687e-06,0.002447525273678079,6.41365403529453e-05
direct,direct,78,346.1971996566042,0.0022124399734280153,0.002578058526658822,-0.00448519592930352,-0.00013064554717551145,0.0001245848877009549,0.0002500396339429143,0.004346758922277719,0.0026171929661087056,0.00010176752359443893,4.7726111976196134e-05,0.005643445567267075,0.0003345488321320075
direct,direct,79,347.3313744271834,0.00024824539272549906,0.00018423912208076487,-0.0007242549491393024,0.0007932973078260959,7.17406992873506e-05,0.00010201967213370206,0.0038373639690896556,0.0026269924167053975,-9.725681144434617e-05,2.822233677647421e-06,0.0013819789363621203,2.0181285675286397e-05
direct,direct,80,352.97186995576266,-7.287292219992914e-05,7.762869107197368e-05,-8.784753370405518e-05,-0.00027663827529802884,-2.5557813526055128e-05,6.289745105322528e-05,0.0045559567955027365,0.0028736075105564632,-2.7697254944003546e-05,2.6854275739991627e-07,0.00042582850858952233,1.9143205087139047e-06
direct,direct,81,355.3266280996248,0.00014681920552650496,0.0003134810616989281,-8.9121038204798e-05,-7.36320479633487e-07,0.00012623337504922492,6.822102529859247e-05,0.005318522224209277,0.002788538919141658,0.000123726409673545,1.8453475819173157e-07,0.0004110326574372634,1.980613407623886e-06
direct,direct,82,356.0421309841476,0.00024560066255174817,-0.00027049611958318565,-0.0007698379870002547,1.4483224077992195e-05,0.00017129179003822973,-0.0002587271997970446,0.005075275564095198,0.0027791695945867624,-0.0002649111480105641,1.0628781351318398e-06,0.0009587070316014436,1.0598153181235253e-05
direct,direct,83,358.55643900689,0.0005736755862417731,-0.0009192214370146168,-0.0022848674929409896,-6.24358419325661e-05,0.0002975833534806094,-0.0007892295819766351,0.0056116291875915976,0.0027263523190568305,-0.0008768044479046111,8.278511862910182e-06,0.0027973855701713198,9.254495483431021e-05
direct,direct,84,372.76239478381405,0.00018449896301397928,0.00014065135226393188,0.001607817343263207,-0.0001096655746789856,1.795190836460992e-05,7.205718237643117e-05,0.005824434522055063,0.0028352609171508635,0.0006443225528470394,2.14279007528123e-06,0.001635231290422285,3.368135037179827e-05
direct,direct,85,373.34427154283213,-0.0018634332722744507,-0.0015499939088292614,-0.002120251946327034,-9.397495931392027e-05,0.0001360044633149492,-0.00029291545038930087,0.005126990083099995,0.002838966998639044,-0.0018445597091435821,5.840810519041539e-07,0.0032552402261159883,0.00015719659079014263
direct,direct,86,376.4664541038435,0.00011221162303232113,-0.00026345883678446924,-3.239291099577102e-05,-0.0030833209170261448,-0.0005428232629673522,-4.2454325171375e-05,0.005390732177615603,0.002800302413095163,-6.121337491597305e-05,2.95176971395962e-05,0.004437308417445942,0.00020679249845426055
direct,direct,87,377.35504558332417,0.0007915106235967251,0.0001911333887094635,0.0004561865503760476,-0.0016943893285864718,0.0007160911607820217,-2.1193593439583144e-05,0.006497908852185272,0.0028388431206700484,0.0004796101875607454,1.0424146865723037e-05,0.002763966179216294,8.332019500060366e-05
direct,direct,88,378.6139808691934,0.0015287034797606402,-0.0010482014856372235,0.0004003309984601522,0.000875409378308603,0.0003596414560145544,6.143617053176471e-05,0.006544935381953528,0.0028164061935429274,0.0002936109975278563,7.704328886060444e-06,0.0023226798124109872,5.780963600654174e-05
direct,direct,89,380.1018943726283,0.0030678143671569735,-0.0026381820374909992,0.00028805735513115494,0.00012925633386744667,-0.00048080816526395535,3.764316363287848e-05,0.007456683453073544,0.002806282773231665,0.00023922989493237642,2.5172062597540892e-05,0.004117410338175602,0.00017877983060110724
direct,direct,90,380.8327238552963,0.002126482299626975,-0.0003954312970666507,0.0012365407297043607,1.4882241001537002e-05,0.00023284862487570344,-4.789895754564108e-05,0.007207526559126055,0.0028276975216593933,0.0009891972440882284,5.0778912616268735e-06,0.0025141190115465536,7.957824227841669e-05
direct,direct,91,384.46448285116145,-0.001228298302546893,0.0005500931534396791,-0.0005296575287705441,0.00023587955964424445,0.0002450570037084476,2.6511425783764045e-05,0.006093026005072856,0.002904352155481383,-0.0004026208926259193,2.7575031908859874e-06,0.0015246790515145586,2.6597183579252057e-05
direct,direct,92,386.58613595660347,-3.6415350236351784e-05,-0.0003636446426047435,-0.00016817107669653275,-0.0001476039774768261,3.541297620679131e-05,-6.839477305366042e-05,0.007621443122411752,0.0028102784276005975,-0.00018941035651254268,1.6448082219951164e-07,0.000466135957558486,2.765798497335965e-06
direct,direct,93,388.2165816282335,-0.00026816510537264193,-0.0013828646420854795,-0.0009455504836264339,-3.702602958450597e-05,6.332791553778801e-05,1.0736241422074078e-05,0.007281875416776053,0.002806735981165775,-0.0008655267436948518,9.628146964033764e-07,0.0016997900153907126,4.045084735711925e-05
direct,direct,94,389.6097773577103,0.0007740438158443386,0.0005788964077224623,0.0007121318374836427,2.4271598451841765e-05,0.00026234357565644835,-6.698889911803396e-05,0.005214477743723244,0.002803206861126371,0.0006883573536834812,2.5153596620642655e-07,0.0012606340401750198,2.3083364850100617e-05
direct,direct,95,391.13133405908525,-0.00013505750339981581,0.00022118089471390157,7.145104638062172e-05,-0.00026929483237318877,-7.797483557611968e-06,-4.466326153506825e-05,0.005977504283091228,0.0028034075265029644,5.252481256490249e-05,3.197112457235318e-07,0.00047055010178225333,2.3621272371387387e-06
direct,direct,96,395.22824147894306,0.0011607818862258146,0.0007734048301422103,0.0009819226642227008,0.0007110532325581132,0.0001884782971115537,-0.00016680411593159548,0.005482276210496489,0.0028679332887369354,0.0009720364601969086,1.8195987893179923e-06,0.002011872386460368,5.525566112307208e-05
direct,direct,97,399.9953038480786,-0.00038731899996147234,0.0005964897226384824,0.001369404166151611,-0.00014599887515774808,0.00030797540674263804,0.0005144274960381485,0.0058981113595033665,0.002798634397609021,0.0005261916296095404,3.468076825163771e-06,0.001772761718333651,3.673603117434786e-05
direct,direct,98,402.26274645456306,8.754105333630413e-05,0.0006232037245390565,0.0006970490376656535,0.00021651800212327716,-0.00022348636519742821,0.00037953392786365357,0.0057584571310949064,0.0028008716495138033,0.000469264605180338,1.0545604144927098e-06,0.0011677619985911722,1.72913400368266e-05
direct,direct,99,402.54634162005976,0.0013948841866562312,0.0011020494515512347,0.0005886914051445036,-0.000213060290944193,0.0007756877696763871,-0.0003944903911492917,0.006510149739904982,0.002844187829985992,0.0010285416811173231,2.907744350363702e-06,0.0022610153035666847,6.795961999335013e-05
direct,direct,100,403.77919554165743,0.0004264024825739732,0.0010122319485739162,0.0024465164460163447,-1.2983016002454293e-06,0.0005196821320903415,0.0015546660595372984,0.005019974769443427,0.0027712982358557856,0.001295050292388078,1.1301787586100869e-05,0.003544854134776764,0.00015458449979435617
direct,direct,101,410.2161721586271,-0.003970016195828929,-0.004307460856308731,-0.0058659393658744285,0.0003372385270899445,-0.0006540497920799773,-0.0027593441458971524,0.006225175386391768,0.002787062766026695,-0.004714472139337363,2.753509762570154e-05,0.009221468126509593,0.0011929268232463803
direct,direct,102,413.6842616656281,0.0013148688891206906,0.0016737246626596924,0.00174368998021035,-7.023576263985427e-05,0.00019671430502359545,0.0007194548312898161,0.006191073862600324,0.0027925613928184954,0.001577427843996911,1.8425145732751103e-06,0.002948419722139354,0.0001248701391486792
direct,direct,103,414.38119418406865,-0.0027901209873060218,-0.0039039559338804874,-0.004212461073137552,-0.0002628809849772113,0.00044964666442794235,-0.002621716287006079,0.006853240017317446,0.0028107386672407125,-0.003635512664774687,2.3113481988401018e-05,0.007420232139190713,0.0007565572290269787
direct,direct,104,417.7624099546728,0.0005247903375338314,-0.00042063403299152924,-0.0004912716723115551,-0.00014928171606635982,0.0004266040156738547,-0.0008953352578535464,0.005422918980322665,0.0027234043983331187,-0.0001290384559230843,3.983303184850869e-06,0.001644836838682879,2.8632413833771707e-05
direct,direct,105,420.39442480513594,0.0003430416199123876,-0.00010061271546346617,0.0003920945595126124,0.0018985323779397631,-0.005484846163414079,-0.0003080522776906019,0.004305393000390499,0.0028064284812840284,0.00021150782132051127,0.00010156957440608014,0.008236944596116492,0.0007130001209741497
direct,direct,106,424.3853557482325,-0.0008431629686800335,-0.003803660519747787,-0.0011249509424515747,-0.0003293136395613381,0.0009621386884085752,-0.0030615937301109323,0.0064799875052051195,0.0028212316030148204,-0.0019239248102931317,3.9232261097334284e-05,0.00610403970813924,0.0004411927280861058
direct,direct,107,426.7583325269312,-0.00582186192490286,-0.004038529813426006,-0.005067227796619056,4.3165397084946966e-05,-7.144718698355472e-05,0.001357002452275222,0.006275783397414299,0.002852144379080813,-0.004975873178315974,7.949253636553291e-06,0.00892061904154761,0.0011698139003566673
direct,direct,108,429.8467538122302,0.005941639170564672,0.0047212631983395426,0.006156858839801993,-9.240597366892117e-05,0.0001694270208463437,0.0007417640390205114,0.0055160560342151265,0.002857956823368773,0.005606587069568736,3.5606607395382925e-06,0.009832356255360405,0.0014394464607662585
direct,direct,109,433.2572253613565,0.0041595987882403485,0.0037603157377397167,0.0034741810085048286,-0.0006381674111357979,-6.53913142471629e-05,-0.00013920667936762922,0.007499709353242162,0.0028849634216036022,0.003798031844828298,1.64828528982039e-06,0.006661380828542217,0.0006606650622735857
direct,direct,110,434.027544271707,-0.0061611592047827735,-0.00606721832195567,-0.005856605785551361,0.00025740527751784014,-0.0001291873222804362,-7.499635277901252e-05,0.006375285866661093,0.00287011078987984,-0.006028327770763268,3.3868153974780726e-07,0.010452176559379012,0.0016377038778072383
direct,direct,111,434.79358195065913,0.003141966598168011,0.0033690279734610584,0.0030053615992087224,0.0002285296617103393,-0.00022881898795277058,-6.017404864729504e-05,0.0063540219601575685,0.002852511319979524,0.003172118723612597,4.258500678055767e-07,0.0055200463435812345,0.0004557861243258516
direct,direct,112,436.8846581719455,0.0029092240025474503,0.0030153982441738503,0.002734376854317544,-0.000779699925894074,-0.0005462514683424627,4.791024430152863e-06,0.005950610685049868,0.002820733467896572,0.0028863330336796147,2.779445543254755e-06,0.00518128544276743,0.00039434744596174087
direct,direct,113,438.34013337020974,0.027287979064649637,0.026463730884751513,0.024999363631190707,3.747839017695587e-05,-3.163634729931521e-05,0.0002677359792939253,0.006606512186064517,0.002885282411282031,0.026250357860197287,4.253022687244023e-06,0.04549812316814208,0.031038429109289677
direct,direct,114,439.54653407469306,-0.010559027030964119,-0.01035756760506934,-0.009562329012591242,-0.00011623828465965,-0.00022555905408658695,-3.952385309414358e-05,0.007104295779067219,0.0028701004846782563,-0.010159641216208234,1.0310497115317933e-06,0.017616534716015684,0.004652041281874193
direct,direct,115,440.1233602638659,-0.01262066836447695,-0.012439086845517089,-0.011341254870615991,-0.0001697756941644986,8.024070661273494e-05,-9.548927227678167e-05,0.007546032715013249,0.0028753232066927757,-0.01213367002687001,1.570694566048354e-06,0.02104103074171011,0.006636162536405704
direct,direct,116,445.6818932964832,0.00328479112560065,0.004637772991035183,0.002565771012581486,0.0002377878513532374,0.0007281650081294607,0.001064203231890071,0.005169410207861022,0.0027786879090002624,0.003496111709739106,8.478258605160334e-06,0.006505425709695325,0.0006093736791499926
direct,direct,117,445.7396614419252,-0.0009728369907313628,-0.002471399925670914,-0.0009327593517471922,0.00021154960502710768,0.00032814111617138675,-0.0012729612972569053,0.00483693703036112,0.0027746234146344114,-0.001458998756049823,7.625936826892689e-06,0.003386737367299082,0.0001491720394452207
direct,direct,118,448.16623716688315,0.0014023526340900538,0.0011100576656708494,0.0011971086617690307,-1.5181523867030772e-05,6.779349969731435e-05,-0.00028991237005704905,0.005266968848321384,0.0028235148439068316,0.001236506320509978,3.3419651507018205e-07,0.002193089446123169,7.114203023524187e-05
direct,direct,119,448.2303859068962,-0.0024446664985844357,-0.0025390708338435264,-0.0020411994059787997,1.257532290593606e-05,8.869301550340687e-05,-2.5787186399488064e-05,0.006191474975552004,0.0028192102859873076,-0.0023416455794689206,2.3585562219074295e-07,0.004075187006874593,0.00024839967024842035
direct,direct,120,460.4309964669413,-5.27059626564963e-05,0.00012171149185169483,4.077666264645785e-06,-0.0003926782089980859,0.00028414232849793754,8.093108547083463e-05,0.005307129742089553,0.0027921614503173455,2.436106515328144e-05,7.48190410721393e-07,0.0007075125381460053,5.26403864234286e-06
direct,direct,121,473.53261008289195,-0.007126355365616455,-0.006832598178027061,-0.005925272737526965,-6.884852565514088e-05,-1.658160025073247e-05,0.0017498169113507305,0.004717177054247107,0.0026638334245795334,-0.006628075427056827,1.0376688986471056e-05,0.01177760350232215,0.002049549096909252
direct,direct,122,503.27345961624235,-0.0017283359589470582,-0.0013016278396427161,-0.0019761122132877507,-1.703589114876084e-05,2.3422930710701915e-06,-0.0011350267001409425,0.0038579796340458177,0.002654104694248203,-0.001668692003959175,4.214944984664044e-06,0.0033411917537521287,0.00015480860007612625
direct,direct,123,505.0308524028613,-0.00040120359405371175,-0.000111592574615349,-0.00012383199631704755,-3.81014567537826e-05,-7.31610639475269e-05,-0.00021819082282711205,0.0048051729517328366,0.0026346414220050607,-0.00021220938832870276,2.437141669793549e-07,0.0005455039732248486,3.7324762711233816e-06
direct,direct,124,507.2988932554008,-0.0002990217546183782,-0.000245626030586088,-0.00020477327662415945,0.00019531549700587037,-0.00015724927959127896,-1.4881994729802443e-05,0.004434876165467042,0.0026391062149965856,-0.0002498070206095419,1.9599227243700926e-07,0.000563801523229101,4.180105546620789e-06
direct,direct,125,520.6400538238566,-0.00020550484058134977,-0.00022792123510306794,-0.00022432199133226582,-5.8133182623307624e-05,5.961512271655548e-06,-2.192272074551943e-06,0.004919443274740149,0.0026807885291902332,-0.00021924935567222784,1.0694205052715223e-08,0.00038902481916094336,2.2380220336899246e-06
direct,direct,126,522.694845436367,-0.0002973802127637093,-0.000254496921311409,-0.00025629743313881903,-2.7677171497722747e-05,-2.069752772497877e-05,5.9971644914848764e-05,0.005290073895695891,0.002685366586037237,-0.00026939152240464576,1.613804166466542e-08,0.0004779896143992969,3.3786969471098318e-06
direct,direct,127,547.1218518849371,-0.0009417683837975588,-0.0007118635961478326,-0.0007801205947255418,-3.344247176333465e-05,-0.00047920997664138503,0.0007172574933234348,0.003847437355605883,0.0026526568836966673,-0.0008112508582236444,2.2774793555521736e-06,0.0018688775870221983,4.55581134624522e-05
direct,direct,128,549.4106052820749,0.00026700731100226527,0.00041721954843310094,0.0004031058043463265,-0.0002011622106641868,0.0009576148263453639,0.00014835462943423115,0.003994861279822022,0.0026624008418809062,0.00036244422126056425,2.95914731709932e-06,0.0015384610227892495,2.66254928283282e-05
direct,direct,129,583.1038412176672,0.0015171001693192743,0.0013554049576680605,0.001256799818820653,-6.305824805238582e-05,-2.9657424381004694e-06,0.00013123641446455715,0.0051262579182365705,0.002549104253920584,0.001376434981935996,1.1543669794535137e-07,0.0024001411577492,8.606385356298901e-05
direct,direct,130,584.8892977885148,0.0005587268387396982,0.00048430060095250305,0.0005893863983530423,-1.3545307771706564e-05,2.9470997561124594e-05,6.172511244584029e-05,0.004416181982635342,0.0025525442540527345,0.0005441379460150811,2.3347162840062828e-08,0.0009506961071274262,1.3487304833088452e-05
direct,direct,131,588.6092269942095,0.0042010091223287915,0.0028395729937669145,0.0026451498595680967,-1.9637902379741055e-05,-2.6817095945043818e-05,0.0004609875626121387,0.003920914482911529,0.0025838050465579886,0.0032285773252212677,2.796846376575395e-06,0.005756361601380599,0.0004886449441580089
direct,direct,132,589.6041799565205,0.0009002468129093444,0.0006848167743045419,0.0008467988770521906,-0.00014773775648367694,6.346662142825226e-05,0.00016198268398423532,0.004177563053860203,0.002548393371057459,0.0008106208214220256,1.9403103240685534e-07,0.001449369645733389,3.092799245237937e-05
direct,direct,133,591.0090598419496,0.00047742969478736796,0.0007299950605677008,0.0005520228935451676,2.3563374636195104e-05,7.049650646700309e-05,5.341965002504841e-05,0.005505538217962899,0.002550700583673342,0.0005864825496334122,7.564969793497482e-08,0.00104034536334343,1.600782803164767e-05
direct,direct,134,621.5870866301035,0.00040942030862578527,0.0003457714353116703,0.00037318551096010566,0.0003295522487407834,0.000665687620362517,-8.807255509604359e-06,0.0037793804450389373,0.002543650200218905,0.00037612575163252043,1.658524616500731e-06,0.0012369700161242953,1.79758484623559e-05
direct,direct,135,667.6652928978784,0.0013946587850344194,-0.0010650803761536043,0.00027097959305555364,0.0005955806751002527,-0.0004569991748178012,-0.0007710745406829282,0.004798833982061693,0.00245018355546012,0.00020018600064545625,8.023375555324944e-06,0.002338619323756341,5.796697845572363e-05
direct,direct,136,668.2383420852527,0.0006128956548956399,-0.0006615597346715241,7.664429237608239e-05,-0.0002068476096955143,9.199283284660647e-05,-0.0002978775176629058,0.004705536401926421,0.0024534856599080944,9.32673753339941e-06,1.648312516057807e-06,0.0010483968594021328,1.1542102073890412e-05
direct,direct,137,669.5540129526847,0.0023245223839607476,-0.0018729831238661898,0.00041273941966957217,-0.0003763748104776654,0.00025333172029205184,-0.0013689091280180308,0.004949777693720552,0.002448392465712002,0.00028809289325471,1.9488488546127456e-05,0.00363886221817341,0.00014015430800436634
direct,direct,138,672.4279570804592,-0.0002022887763120096,2.964250465975482e-05,-0.00011669288657367716,-0.002179053674599673,0.0016050473120446799,0.00012552488182829107,0.0047381127671974445,0.002442669107368938,-9.644638607531064e-05,2.2061891271018957e-05,0.0038387280745285413,0.00015485182463954714
direct,direct,139,682.4628426886259,0.00013716907867777905,0.00031167628389283664,0.0002909694010633235,-0.0002938971302568388,0.00014104282682573561,-3.984832146419759e-05,0.004698538041913725,0.0024559438428521482,0.00024660492121131306,3.508375121043326e-07,0.0006452392085367531,5.192492007184035e-06
direct,direct,140,686.6547615442936,8.867794063838197e-05,-1.738295312581073e-05,0.00012721442365526414,0.00032356647617477996,2.113779030925433e-05,-4.519125242977151e-05,0.00489764788593051,0.0025178136166211134,6.616980372261179e-05,3.383741474791503e-07,0.0004885878567465294,2.565648963965056e-06
direct,direct,141,717.2564003807865,0.00015277260341894916,0.00017396852477702396,0.00016402659636316486,-2.657928932062062e-05,-0.0003982388706881393,-7.516490640809177e-05,0.0045806268979767155,0.002524996126340534,0.00016358924151971266,4.951886403992691e-07,0.0006406325624639791,4.6705852801396535e-06
direct,direct,142,717.7501472237064,0.0001602411132606285,4.4899317018787244e-05,6.982717830839036e-05,-8.24239083069766e-05,-6.481248712359973e-05,-4.655258302732612e-05,0.004475448113777013,0.0025220970504851448,9.16558695292687e-05,5.0534410333937114e-08,0.00024267674414082282,7.317768012000446e-07
direct,direct,143,752.5624388542394,0.0002467394946970014,0.00024645840918546824,-0.0003902645032849428,4.4517689605848114e-05,-0.00024687766967577545,-0.0012676180536949893,0.004753106981204244,0.0022999295185316365,3.4311133532508954e-05,5.414952935436994e-06,0.0019009209308326108,3.7957646972851814e-05
direct,direct,144,757.3877476425508,-0.0001306872405970605,-9.732335432222072e-05,-0.00021069827200737024,0.0005051662865088928,-0.0021906454611993116,0.0010227496334262861,0.006329582906860058,0.0022897248807200814,-0.0001462362889755505,1.8310596372123203e-05,0.0035030300319469367,0.00012913650195446274
direct,direct,145,758.129599054273,-0.0011834701444590756,-0.0011654349944234532,-0.001120716318723236,-7.131419443805382e-05,0.0011082112964950765,0.001980201059491723,0.005998821398341419,0.00232226721277285,-0.0011565404858685884,1.5466374218678205e-05,0.0037846629747105513,0.0001684559848261392
direct,direct,146,758.469170059381,0.0006920882839056564,0.0008763272222001017,0.0005265863045922359,-2.2433886414806228e-06,4.953624112703824e-05,-3.286768548342502e-05,0.005878022204576966,0.00232226439969659,0.0006983339368993313,1.024442706747486e-07,0.001237459915603649,2.2662272828862608e-05
direct,direct,147,762.3912743462761,-8.26769901351998e-05,0.00024045977259135043,0.0002267104693587374,0.0006884283986503123,-0.0006333512692265468,-0.002294984869349319,0.004911415654147598,0.002313004200726672,0.00012816441727162933,1.852623262795271e-05,0.0035213775863335364,0.0001304228036991249
direct,direct,148,763.2638272052005,0.00012004188688519157,0.00042324684199734897,0.00046949683685237886,-0.0005162747641049374,0.0012115362021907058,-0.004353870124786802,0.005478258104910459,0.0023262334996152164,0.00033759518857830645,6.21797295287866e-05,0.0064649102509814265,0.0004403867797123112
direct,direct,149,766.918532134617,-0.001273523417476552,-0.002186632911215236,-0.0013773746285650201,0.0001234789401406102,0.0025387512865380404,0.005652381294158327,0.005928965862543274,0.0023420947098023058,-0.0016125103190856027,0.0001159794848091424,0.009226062276339831,0.0009288649224760867
direct,direct,150,768.1077035949223,-0.00042064600149327447,-0.00037296422886745617,-0.00025666394673273807,-0.0005312028217432298,-0.004260845211908419,0.0007562161323020284,0.005226239527888069,0.0023945150355391374,-0.00035009139236448955,5.704786829994855e-05,0.00619674141375843,0.00040485045733498667
direct,direct,151,769.6206216971715,3.6205856197568664e-05,0.0004414742756053691,0.0002392752631841244,0.00070535986964779,0.007542386433375817,-0.0017124664404605684,0.006521466507180989,0.002368058725136476,0.00023898513166235405,0.00018107618295557808,0.010994944155528291,0.001270103405881052
direct,direct,152,772.8544658157502,0.0012522922166413597,4.324475172179376e-05,0.0005892977167576419,5.648482531661408e-05,0.002169787674299365,0.004941013880821439,0.006239093936276896,0.002345007725048246,0.0006282782283735985,8.847412743247236e-05,0.0077567359255290525,0.0006370819009784785
direct,direct,153,775.498945336254,-5.089972504923601e-05,-0.00043926162435647953,-0.00021107833931721665,1.1160170275644789e-05,-0.004111537862624558,0.0005701195599229622,0.005941221770935744,0.0023500874827613594,-0.00023374656290764406,5.180398825584478e-05,0.005890662487155125,0.0003650866032961146
direct,direct,154,777.6375847611239,0.00043156198907268184,0.0003080077983075302,0.00047295656437018607,-8.458830514026399e-05,-0.000512489825148114,0.0007102282978436276,0.005192161167020707,0.0023478978591449547,0.00040417545058346604,2.344769334086753e-06,0.0014329176321829804,2.3764486107052924e-05
direct,direct,155,778.3128992366738,0.0002138562760811702,0.00023053760177971228,0.0001334012340392654,-0.00024640363462245823,-0.0007871314360206774,0.0004916593061500118,0.005762694814734701,0.0023507616894602847,0.00019259837063338262,2.7741519433305448e-06,0.0014002560572977112,2.1088299559992336e-05
direct,direct,156,780.6811151556951,0.0005629714812371844,-0.00031343411086126594,0.00025396831844770595,0.00013897489596050882,-0.0005466019210234914,0.002260626123325583,0.005254851419156383,0.00233790954724051,0.0001678352296078748,1.687831207033811e-05,0.003367003718409687,0.00011941577438575553
direct,direct,157,781.5911469664069,0.00010963862212109987,0.0002641979965867236,-6.785266805087176e-05,0.00039056248080463494,0.00028592790164489156,-0.0022833306374361612,0.005198149064330008,0.0023455347985660794,0.0001019946502189839,1.6426502549722033e-05,0.00331394182595811,0.0001154536487383524
direct,direct,158,783.307147272648,-0.0005293592862976038,-0.0005735985534482957,-1.7157651825971953e-05,-7.752640544636243e-05,-0.0008864710653364746,0.00048558729891861555,0.006475006787769964,0.0023349281600901165,-0.0003733718305239571,3.3698760063297373e-06,0.001632422609407949,2.9862425616604636e-05
direct,direct,159,784.3462765902993,0.0013074087380171573,0.0013762154451990583,0.0008838667289912117,-0.00010334765619405005,-5.4344046780087975e-05,-0.002744083650870659,0.005752329486909328,0.002359572076188485,0.0011891636374024757,2.2844152016667887e-05,0.004412682307547129,0.0002235440211600881
direct,direct,160,785.5490318517985,0.000570724716361104,0.00034590440711301795,8.79369325312851e-05,-0.0002640866888283609,-2.2452501425849797e-05,-0.00012782502493586916,0.00551724463984205,0.0023587406285155467,0.00033485535200180233,4.3484310991327764e-07,0.0007913783715149187,8.089666573784237e-06
direct,direct,161,785.9019047724449,0.0012819929707985622,0.0014179852061169118,0.0008248569482172119,1.8663333901293585e-06,0.000190853584129753,-0.003099484188806138,0.005486171016012307,0.0023558007377651098,0.0011749450417108953,2.9219326612067964e-05,0.00486014800472527,0.00026665759958132155
direct,direct,162,789.3226638564026,0.00030087022947489217,0.0002285922981160038,0.0001737039993909839,0.0007717726851662452,0.00048210974968792506,0.00012085400798991872,0.00620734978460439,0.0023814608449680827,0.0002343888423272933,2.5402097760663927e-06,0.00136319021866607,2.0253684255803542e-05
direct,direct,163,790.649280727267,-0.00010523274949991723,5.3115243292545244e-05,0.00017164498028021669,-5.7523888357620184e-05,0.00014186596576190632,-0.00024363673526940285,0.005056691437660023,0.0023406328080507427,3.98424913576149e-05,3.0627375754819885e-07,0.0004571047772501152,2.215350388128565e-06
direct,direct,164,791.892050767506,0.00040958450609362984,0.0006610396254269624,0.00024726283223142076,0.00011648361204154878,9.638057120577086e-05,-0.001259485858867409,0.006104885571056744,0.0023418267638656044,0.0004392956545840043,4.957881443917292e-06,0.0019708364499252664,4.338930035355854e-05
direct,direct,165,808.5797318377938,0.00019786910173125172,0.0002063868226076515,7.897153426306147e-05,0.00010598643135128902,5.77706756472829e-06,-8.710926725092379e-05,0.006534946274609216,0.0024038118400974504,0.00016107581953398822,7.178548715502346e-08,0.00035453243906914943,1.6700422938197317e-06
direct,direct,166,808.694285310158,0.00037980409614335464,0.0004205476198304581,0.000298251476277267,6.199944048359098e-05,-0.00023498490124476538,-0.00014570052357653143,0.006346412144267487,0.002400932194482228,0.00036620106408369324,2.5250503664002103e-07,0.0007554113773973986,7.802180126601463e-06
direct,direct,167,817.7801556660602,9.369419337046381e-05,-9.347990604924306e-06,0.0001326124479816837,0.0007337626813655132,0.0007710785534755759,2.711586123421792e-05,0.004177684028971721,0.002387934746271185,7.23195502490744e-05,3.4172577785475545e-06,0.0015145501656959805,2.4156159730503157e-05
direct,direct,168,1035.3613907501706,0.00014209405831078215,-0.002172799154024352,0.0021547968234925108,-0.0003684500844592059,0.0017883579954225137,-0.0027911528568916235,0.009407919012866209,0.002787294310824537,4.136390925964702e-05,4.7442437140244485e-05,0.005624359905429006,0.0003321740537662272
direct,direct,169,1037.6171761443118,-0.00015663930145404237,0.00018912085702482706,-0.0014356993850994648,0.00038032156312188347,0.0006575031836650565,0.000756668461906777,0.009551742484214039,0.0027904579453780537,-0.00046773927650956004,5.646299069440182e-06,0.002102507900578699,4.936919487161717e-05
direct,direct,170,1038.5603784265602,0.00023037806852643783,-0.0008600635012734337,-0.001138260251541956,-0.0003733847670410029,0.0013163255195027211,0.0036122173331881984,0.00914985028705306,0.002789852590636438,-0.0005893152280963173,4.633054290929651e-05,0.005650566867173267,0.0003399419600780552
direct,direct,171,1039.7531555276958,0.0015108059815560626,0.00044944289894655043,-0.0015056072511687724,-0.00024124992698373496,0.0012523449966745201,0.001656621385363365,0.009850851011203612,0.0027894308891302467,0.0001515472097779469,2.013662253380069e-05,0.003673324746453577,0.00014198985279222147
direct,direct,172,1043.0246027766227,-0.00023571305405090115,-0.00013118490912233938,0.00028539651231396235,2.830201376169373e-05,-0.0042270601149183,-0.00018776999722223704,0.012591012956040048,0.0027944257586855537,-2.716715028642606e-05,5.394029806988129e-05,0.005996866921603167,0.00037761529892162984
direct,direct,173,1044.2410326946547,-0.00042869742353679463,-0.0010589937527827331,0.0008078990460880231,-0.0004883876767885671,0.0025622012657288166,0.0007206314771317831,0.008136052488899833,0.0027905151765112986,-0.00022659737674383487,2.4673989231235734e-05,0.004074722722787248,0.00017502851132027356
direct,direct,174,1045.944431913494,0.0009021304551859455,0.0005767729774441843,-0.0024553416131978256,-0.000466502733600374,-0.0005488763918071294,0.003101276312784118,0.008646748771473096,0.0027923411301457994,-0.0003254793935225653,4.069651212106899e-05,0.005239162011957266,0.00028964274244983474
direct,direct,175,1046.8959286683842,0.00020482212028327673,-0.0008143183485875838,0.0008170247815486587,6.799207518389476e-05,-0.0007864148139232539,0.0037750570534143043,0.007674477720173485,0.0027916789712689166,6.917618441478386e-05,4.665974071613327e-05,0.005578606442851662,0.00032683352551499134
direct,direct,176,1049.4027298528847,-0.0013068080212796929,-0.0002676426706849089,0.0021906696865547914,-0.00047502751670621936,-0.0018067705144990853,-0.0014218510198521798,0.011236472867626236,0.002793322993145682,0.00020540633153006324,2.6212950763254827e-05,0.004195458948903501,0.00018538928458925252
direct,direct,177,1049.6252672788803,-6.186613560887899e-05,-0.000564339345399123,0.0008172267817929679,0.00017092036207210615,-0.003224218891807781,1.1367183175162512e-05,0.009437534120401743,0.0027912505020668693,6.367376692832198e-05,3.274179565983696e-05,0.0046733314475873805,0.0002293750153056266
direct,direct,178,1050.877111779853,0.0012439136833486408,-0.002077844234393833,-0.0007366268999253744,0.00012571582652532557,-0.002882406394835846,0.0018893939644839836,0.00779650073213728,0.002792508527366079,-0.0005235191503235223,4.405938224335352e-05,0.00549501031826469,0.0003207489292374705
direct,direct,179,1051.6824665419624,0.0011430873493789573,-0.0009511874489032124,-0.00028322913413703077,0.00024330750260771403,2.873625227527416e-05,0.0010384954571521828,0.011058014180665942,0.0027915703464530045,-3.044307788709529e-05,6.848758358704513e-06,0.0021374328641566094,4.798301365553738e-05
direct,direct,180,1054.901707575772,1.0529846425910705e-05,-0.0010944976691584785,0.0019488139679757488,0.00045043370309228196,0.0013083504036210205,0.0008734955003092057,0.006752212820717623,0.002795670945295206,0.0002882820484143937,1.5152885499175151e-05,0.0032173348107448754,0.00010980999276893602
direct,direct,181,1056.4195526819826,-0.00012246234849189186,-4.865824721145273e-05,0.0004857003454716846,9.419466768608017e-05,0.0017302981353644845,-0.00043267313160829345,0.008850980161698004,0.0027924778546645043,0.00010485991658944667,9.900454941080669e-06,0.0025755174432286836,6.979798668238625e-05
direct,direct,182,1058.0305547656671,-0.00037667543157149375,-0.0002525548229004304,0.0013334576972912071,0.0011869473210020084,0.001388414271752439,0.001053000736481102,0.007624728099614428,0.0027951362013051784,0.000234742480939761,1.6063744530675947e-05,0.003297646906132294,0.00011492589317083056
direct,direct,183,1059.9519146407652,-0.00015938635470669205,0.0011000962214491317,-0.0009731249369504535,0.0011812095734833553,0.0021234475723160497,0.00027975452061668876,0.007746445035505888,0.0027941176553065326,-1.080502340267131e-05,2.1221001127761342e-05,0.0037613407623833315,0.00014855226157821236
direct,direct,184,1063.373940177264,0.0005718055270231837,0.0012665707716719155,-0.003678033037907147,-0.0012692726930979244,4.4975375266599095e-07,-0.0006881564296444802,0.007848709975865802,0.0027954515478819577,-0.0006132189130706825,2.7750304633572942e-05,0.0044303854680029136,0.0002111738170256521
direct,direct,185,1064.0033649407117,-0.0020902348342966004,-0.0017748524222238604,0.007977822494841247,-0.001733074503945777,-0.00044001897765757434,0.0020371491180953653,0.007583259483646462,0.00279824466180244,0.0013709117461069287,0.00012033137764214834,0.009266019397505097,0.0009268925991976661
direct,direct,186,1065.0388291519891,-8.023109617671942e-05,0.001289100848420599,-0.0013055218423596582,-0.0003945286992609011,-0.0009966151313057093,-0.0003598348566923428,0.009802170374797631,0.002795043687471984,-3.221736337192619e-05,8.88936436308038e-06,0.002435027060266101,6.227225867418139e-05
direct,direct,187,1068.2765527770357,-0.00017369800529576374,-0.000192904885535361,0.0011976929980461737,-0.00034224289662266737,0.001912695065188968,-0.0005268755106011512,0.008323095495426815,0.0027968250728785432,0.00027703003573834967,1.4066813580132979e-05,0.003099695572502601,0.00010192124889248446
direct,direct,188,1072.2590526985077,0.0011542047742252315,0.0007179978657556596,-0.005121168279571542,-0.0008625973101931703,-0.0007609377121786357,-0.0015121229014918329,0.008430000495888306,0.0027964343554117387,-0.001082988546530217,4.766207032377796e-05,0.005940816957703056,0.00038641338090264916
direct,direct,189,1074.486508271161,0.0008301192462178975,0.0008518159874282283,-0.003906512067286538,-0.00022428532602453822,-0.0001441389162538342,-0.00123198942745996,0.008507250051820524,0.002798678746924274,-0.0007415256112134708,2.730555006453341e-05,0.004455702047857196,0.00021588256089558188
direct,direct,190,1077.122407398588,0.0008468529281269177,-0.0004404589224993316,-0.0015234930076846176,-0.00019533163470335146,0.0015639546549031714,-0.0007445429594971119,0.009672948668651083,0.002798177903854709,-0.0003723663340190105,1.3339695728864783e-05,0.003051081864854191,9.961742100403757e-05
direct,direct,191,1081.6195486296785,-0.00044606404341118733,-0.0002768513883699697,0.002663890615099973,0.0007726115313908051,6.736624986836425e-05,0.0011569428282355836,0.01126631306074566,0.002797796981648861,0.0006469917277729387,1.499415770939226e-05,0.003354385193595792,0.00012379602727704338
direct,direct,192,1089.4512804979083,0.002918914312382004,-0.000858487578039302,-0.0003666665340340547,0.00031463877388037147,-0.0003326744781731331,-0.0017418799206897224,0.01023056196716432,0.0028004282649737667,0.0005645867334362157,2.2384293813386694e-05,0.003984863495902253,0.00017103417477445479
direct,direct,193,1102.5378292137373,0.00114950379728751,-0.0014709478975838408,7.691417203692374e-05,0.0016450044524340382,-0.0013307341411691264,-0.00034756862507137696,0.006347711431331791,0.0029303813390203523,-8.150997608646904e-05,1.899963714436485e-05,0.0035617911774154802,0.00013329643443962672
direct,direct,194,1133.772347956893,0.00040154510456691384,-4.3643011768956796e-05,9.220865954673307e-05,-0.008635760135349758,0.0022444738233842985,-5.978488313539143e-05,0.0074029293385707625,0.0028502146223156064,0.00015003691744823003,0.00023900893886008665,0.012625641599664674,0.001674075570467488
direct,direct,195,1140.0589691263797,0.0008068428004048833,-0.0007242650897321123,-0.00025259766200269596,0.002284450776853365,-0.0004989256910246728,-0.00024125959248089222,0.009835121413428632,0.0028280003936452763,-5.6673317109974995e-05,1.8422132977486824e-05,0.0035058604620845876,0.0001290994647616589
direct,direct,196,1142.6770216728523,-0.0003166303658497238,0.0004332074671387076,-0.00018902447357249663,0.0032827127609165135,-0.0005684839599374846,0.00020594327023777063,0.006550046838740006,0.002837877165408781,-2.4149124094504277e-05,3.39082254556226e-05,0.0047547064239199174,0.00023738382129811212
direct,direct,197,1143.8296617585238,0.0011772982883295757,-0.0007437095021234352,-7.812638940452032e-05,-0.006168800710771641,0.0007355776953804893,-0.0003401992626707231,0.007832851237755446,0.0028315602876187443,0.00011848746560054006,0.0001189874183466298,0.008908819416899928,0.0008335436960041084
direct,direct,198,1145.5053422134617,0.003945341419370196,-0.004142967946365594,0.0002743514086711585,-0.0037868243018461,0.0006862595219785107,-0.0005642129376763269,0.008544551972417444,0.0028323795589699366,2.5574960558586806e-05,9.459279316024105e-05,0.007941273471090773,0.0006621789856590282
direct,direct,199,1146.8178067946374,0.013037672302709247,-0.012425968505552776,0.0003439778158464968,-0.00019876475519845286,9.026476459547737e-05,-0.0022524694800185553,0.006040000556245584,0.002846453267868592,0.0003185605376676559,0.0005016630277368628,0.018296077747422236,0.0035162078308851995
direct,direct,200,1150.9736671430335,0.0005458948356984461,-0.0006669947240611762,-0.00013970683712338783,0.0018107185321933538,-0.00011963609249356362,-0.00014087672542965196,0.00913756555778869,0.0028388429203409157,-8.693557516203931e-05,1.1048173574500745e-05,0.002718110084664237,7.767731576179918e-05
direct,direct,201,1153.5023492107441,-0.00347418821654788,0.0035645783687598964,0.00012002651189280122,-0.0027087719070438402,-1.6486847010667812e-05,0.0007127634143251496,0.007834021228336433,0.00282717334813112,7.013888803493924e-05,6.070102226156005e-05,0.006362555034356693,0.00042512853169358536
direct,direct,202,1155.2145550156913,-0.0023664870050921216,0.0027597150251201796,0.00016446291171812177,-0.005498780687003598,0.00031676271485845867,0.0004048524476212966,0.0065999021429308255,0.0028283620344955224,0.00018589697724872659,0.00011121199363093583,0.008616553960008676,0.0007800390512933105
direct,direct,203,1157.9782642481127,0.0004909664075025688,-0.0013469963202261681,0.0004296358699917846,0.0019985112148915903,3.3448799761510295e-05,0.00014489092308743456,0.010117134547333491,0.0028124740211252636,-0.00014213134757727156,1.5317623014873255e-05,0.003205051112926994,0.0001081324205024987
direct,direct,204,1160.3183504550284,0.0013455555452457357,-0.0007997746068655331,-7.712241335000591e-05,-0.00038326177165175267,0.00018505970332558782,-0.0004033478269824904,0.00750774175155482,0.002815348440667108,0.0001562195083433989,4.60581856092063e-06,0.0017730649485119207,3.333893399186181e-05
direct,direct,205,1163.1753874205567,-0.0007731626481632947,0.0014519607363994158,-0.0008000069336733251,0.000542216227885986,-9.495021105914301e-05,-0.00028895203916101155,0.008871263447647671,0.0027974373462899046,-4.0402948479068e-05,6.171148323517773e-06,0.002029530999290868,4.327149618568551e-05
direct,direct,206,1167.3131937548856,0.000510014582849605,-0.0002254252755506947,4.1814952608243416e-05,0.00016164914806171288,-0.00023808700108537688,-0.00027618971350536117,0.00687456300849226,0.00281264168039504,0.00010880141996905124,8.930398843174589e-07,0.0007942752481603285,6.783977894649896e-06
direct,direct,207,1169.1228168670116,0.000980112320559945,-0.00157402625052816,0.0002739789950645388,-0.0010489125510021557,0.00022334783051022202,-5.450676355160406e-05,0.00794573944082756,0.0027987111269711304,-0.0001066449783012254,8.67790409166569e-06,0.0024123409478418257,6.125712045451893e-05
direct,direct,208,1172.1159341520447,0.00105084670756872,-0.0012883751089820539,-6.656228098478323e-05,0.0006843159748331338,0.0001854200000545663,-0.00025214833520559397,0.010873781826734766,0.002805804109216403,-0.00010136356079937237,5.805437209030006e-06,0.001975124094091421,4.11004161788168e-05
direct,direct,209,1173.1856633156706,0.0005017496129544607,-0.0008241654930751796,0.0001557525059803222,-0.001856655752036306,1.6536623801370604e-05,-6.500666502173326e-05,0.008548936676187552,0.0028049251582546596,-5.555445804679889e-05,1.1774011799632995e-05,0.0028033194775447822,8.255696599883027e-05
direct,direct,210,1176.1890062747595,-0.0001421850324334617,0.0001066354596668262,5.041042232312165e-05,0.0004725276995101732,8.001700109733872e-05,-0.00017142464429838276,0.008839465320546518,0.0027974841547731334,4.9536165188287145e-06,8.28297618478558e-07,0.0007431500704897266,5.799187553597608e-06
direct,direct,211,1186.9321930148776,0.0004875994616049262,-0.0012134522409767978,-4.889423889875566e-05,-0.0021000292862490637,-0.0006926359940348915,-9.185518299768651e-05,0.012044858839305105,0.002795543503234984,-0.0002582490060902091,1.6963713856810137e-05,0.0033925241662582897,0.0001217471617092671
direct,direct,212,1187.3541506971292,0.0019095763271304023,-0.0007988845650852561,0.00010895499987562118,-0.0005603528340849352,-0.00043372759965437175,-0.0007345724315403843,0.007743979230798183,0.002784677795409237,0.0004065489206402558,8.826219881911727e-06,0.0025258647356029224,6.922123029270115e-05
direct,direct,213,1189.996599788991,-9.053250778157107e-05,0.0004300158011560917,0.00011340835682438488,0.0012488360294821569,0.0007336654326073221,-0.00017355703959198374,0.012912475584093298,0.0027976542305272536,0.00015096388339963518,6.590336670582913e-06,0.002112327640935919,4.7157910928179834e-05
direct,direct,214,1192.1060270848895,-0.00023652360664594418,-0.00013417553399674986,-2.211132635432378e-05,-0.0017088168306699924,-0.0002721707646798346,0.00025126687014506797,0.010890671744244861,0.0028004560545625465,-0.00013093682233233928,9.206303848154516e-06,0.002487763906221237,6.521562725199369e-05
direct,direct,215,1194.2044516484193,0.0013404092516022814,-0.0009617870338018975,0.00028907331178995577,0.00012448576725698069,-0.00023362111613231323,-0.0004674177615977045,0.011913329666294445,0.002797693061855396,0.00022256517653011323,4.850697987550445e-06,0.001839131434068431,3.618397251402774e-05
