index,nonpolar_mpid,polar_mpid,formula,split,nonpolar_split,polar_split,ref_sp_raw_x,pred_sp_raw_x,ref_sp_folded_x,pred_sp_folded_x,ref_sp_raw_y,pred_sp_raw_y,ref_sp_folded_y,pred_sp_folded_y,ref_sp_raw_z,pred_sp_raw_z,ref_sp_folded_z,pred_sp_folded_z,ref_sp_folded_norm,pred_sp_folded_norm
0,mp-1565,mp-556605,Zr4O8,train,train,train,0.0007918780784137232,-3.516094110807003e-14,0.0007918780784137232,-3.516094112019391e-14,-0.00011312543939246363,5.122615787124314e-14,-0.00011312543939246372,5.122615787124314e-14,-51.160154615439396,-51.26516509905029,-51.160154615439396,-51.265165099050286,51.160154621692975,51.265165099050286
1,mp-570538,mp-634410,Na2N6,train,train,train,-5.899583754537455e-13,1.5468055554325458e-14,-5.899583555157676e-13,1.5468055554325458e-14,-51.82285814767851,-52.3385913640032,-51.82285814767851,-52.3385913640032,2.944047461156184e-13,1.7744912342172786e-14,2.9440478140698395e-13,1.7744912342172786e-14,51.82285814767851,52.3385913640032
2,mp-762643,mp-766664,Fe12Li12O48Si12,train,train,train,1.8969093759650076e-05,-1.8749272730497357e-14,1.896909375965008e-05,-1.8749272730497357e-14,-1.8940789747853944e-05,9.089077803188825e-14,-1.894078974785394e-05,9.089077803188825e-14,0.6414666041747993,-0.7011030613833041,0.6414666041747993,-0.7011030613833041,0.6414666047349064,0.7011030613833041
3,mp-695850,mp-632403,Cd2Cl4,train,train,train,-0.0018130997191083075,-1.6108888546430742e-14,-0.0018130997191083075,-1.6108888546430748e-14,-48.395238087140704,-48.542986971736,-48.395238087140704,-48.542986971736,-0.00013075126516648395,2.41484224296127e-15,-0.0001307512651664839,2.41484224296127e-15,48.3952381212807,48.542986971736
4,mp-21043,mp-674508,Pb4Rb4F12,train,train,train,3.9169629728467013,1.9869728532980142,3.9169629728467013,1.9869728532980142,-0.00010946364287980163,3.4329787819665654e-15,-0.00010946364287980163,3.4329787819665654e-15,-0.1256846970807226,-0.9108776476017453,-0.1256846970807226,-0.9108776476017455,3.9189788957985767,2.185808593780284
5,mp-644923,mp-554946,O192Si96,train,train,train,5.7004872566492646e-06,-1.0917669877369683e-14,5.700487256649264e-06,-1.0917669877369683e-14,8.649417811605586e-06,-6.642253080345509e-14,8.649417811605585e-06,-6.642253080345509e-14,0.026273726416854326,-0.2086896641594212,0.026273726416854326,-0.2086896641594212,0.026273728458970042,0.2086896641594212
6,mp-772617,mp-778973,Zn8N16O48,train,train,train,2.559051004518242e-07,1.0513860477222695e-14,2.5590510045182684e-07,1.0513860477222695e-14,1.868130935415483e-05,-2.3695380010778365e-07,1.8681309354154834e-05,-2.369538001077836e-07,-1.1171410274905154,-0.8773745650334945,-1.1171410274905154,-0.8773745650334945,1.117141027646743,0.8773745650335265
7,mp-554236,mp-39460,Ca10Cl2O24P6,train,train,train,-7.910060791698285e-13,5.285494748590334e-14,-7.910060807502724e-13,5.285494748590334e-14,1.582012025937819e-12,-6.0414067745024775e-15,1.5820120215631835e-12,-6.0414067745024775e-15,-2.131636445108622,-8.649713698115026,-2.131636445108622,-8.649713698115024,2.131636445108622,8.649713698115024
8,mvc-12752,mp-715584,Mo4O12,train,train,train,-4.563063076034359,-2.5079429359986123,-4.563063076034359,-2.507942935998612,0.0012060631753315065,1.0780656784122402e-14,0.0012060631753315065,1.07806567841224e-14,0.9448726454234088,1.0196666415818096,0.9448726454234088,1.0196666415818099,4.659863775533139,2.7073045322202054
9,mp-559354,mp-558920,Na8Nb8O24,train,train,train,5.12773379396531e-13,-7.604049544835537e-05,5.127733793965311e-13,-7.604049544835538e-05,-6.320009287275005e-05,-2.7014376768599298e-14,-6.320009287275005e-05,-2.7014376768599317e-14,31.48227897981157,30.865474515814714,31.48227897981157,30.865474515814714,31.48227897987501,30.86547451590838
10,mp-625821,mp-625871,Sr4H16O24,train,train,train,-9.777349506198947,-8.80203434192149,-9.777349506198945,-8.802034341921491,3.618034151921878e-05,1.9712678030927597e-14,3.6180341519218785e-05,1.9712678030927597e-14,-2.8192115567075295,-1.58255213344365,-2.8192115567075295,-1.5825521334436492,10.17568263897568,8.943169450001065
11,mp-771046,mp-776410,Mg8N16O48,train,train,train,-3.972326366984717e-13,-4.693688979624454e-14,-3.972326367903204e-13,-4.693688979624454e-14,1.8524066626321936e-05,-6.462504395548713e-08,1.8524066626321936e-05,-6.462504395548715e-08,0.7350026798511833,0.3050635961608664,0.7350026798511833,0.3050635961608663,0.7350026800846117,0.30506359616087314
12,mp-32777,mp-32662,W6O18,train,train,train,0.0009552262647664212,2.1001262440235177e-14,0.0009552262647664211,2.1001262440235177e-14,0.0006371318081562386,2.7035320913729345e-14,0.0006371318081562385,2.7035320913729345e-14,-21.032268899578003,-15.55333487403527,-21.032268899578003,-15.553334874035269,21.03226893092018,15.553334874035269
13,mp-765966,mp-765122,Li4V4F24,train,train,train,0.0,-2.864977583920954e-14,0.0,-2.864977583920954e-14,4.701875802664748e-13,1.2930562643150439e-14,4.701875802664748e-13,1.2930562644894377e-14,-1.269466544340647,3.275998642214827,-1.269466544340647,3.275998642214827,1.269466544340647,3.275998642214827
14,mp-13178,mp-661,Al2N2,valid,test,valid,-0.008247711898985823,2.834083777400295e-15,-0.008247711898985823,2.834083777400295e-15,-0.007402691952657947,3.685935208241866e-14,-0.007402691952657947,3.685935208241866e-14,133.00769591055547,119.00744184757104,133.00769591055547,119.00744184757104,133.00769637227538,119.00744184757104
15,mp-723540,mp-696998,Bi2K12Cl16F8H6,train,train,train,-3.8473260612752103e-13,-9.813346661798636e-11,-3.8473260612752103e-13,-9.813346661798636e-11,0.0,4.2924663864471927e-11,-7.89934068638246e-29,4.292466386447192e-11,-0.07480512695101069,-0.021676895932243135,-0.07480512695101069,-0.021676895932243135,0.07480512695101069,0.021676895932243135
16,mp-560098,mp-230,O16Sb8,train,train,train,-1.943609797710932e-13,1.1424560542561529e-14,-1.9436097977109323e-13,1.1424560542561529e-14,6.870745698680878e-13,-1.8496449002526026e-14,6.870745698680878e-13,-1.8496449002526026e-14,-4.578305344874218,-3.352317380666891,-4.578305344874218,-3.352317380666891,4.578305344874218,3.352317380666891
17,mp-31939,mp-766735,Li4Mn4O16P4,valid,test,valid,-0.00015510088025202598,3.2401705138712186e-14,-0.000155100880252026,3.2401705138712186e-14,5.1700293504540824e-05,3.8267496004067834e-14,5.1700293504540824e-05,3.8267496004067834e-14,5.334982773858297,3.915704956557977,5.334982773858297,3.9157049565579767,5.334982776363384,3.9157049565579767
18,mp-10948,mp-554089,O8Si4,train,train,train,-3.190030730087208e-13,-6.648068685657283e-14,-3.1900298057088225e-13,-6.648068685657283e-14,0.0,-2.013377595392148e-14,0.0,-2.0133775953921474e-14,-89.92783660693627,-92.97719787532962,-89.92783660693627,-92.97719787532962,89.92783660693627,92.97719787532962
19,mp-19138,mp-19241,Ba2Ni2O6,train,train,train,0.00010019917816557312,9.751755429849215e-15,0.00010019917816557312,9.751755429849215e-15,-0.00027046575644069004,-2.476222648357651e-14,-0.00027046575644069004,-2.476222648357651e-14,-3.7300560859787444,-4.711706930657577,-3.7300560859787444,-4.711706930657577,3.730056097130266,4.711706930657577
20,mp-653454,mp-618177,K8Zn4Cl16,train,valid,train,-7.239636160995649e-13,5.1224088017340486e-15,-7.239636172534141e-13,5.1224087997602405e-15,1.3578711398874656e-12,-1.8694546588507113e-15,1.3578711393265586e-12,-1.8694546588507113e-15,-2.2306732805132294,-1.6149463526597527,-2.2306732805132294,-1.6149463526597527,2.2306732805132294,1.6149463526597527
21,mp-19703,mp-566511,Ba8Cr4O16,train,train,train,9.633473341834516e-05,-8.334391024009541e-15,9.633473341834516e-05,-8.334391024009541e-15,-3.2111578035028376e-05,1.0556022917691486e-14,-3.2111578035028376e-05,1.0556022917691486e-14,2.7021511453515727,2.4459607299913224,2.7021511453515727,2.4459607299913224,2.702151147259596,2.4459607299913224
22,mp-23891,mp-626000,Na2H2O2,train,train,train,-0.0002486527868514795,-7.128473331942012e-14,-0.00024865278685147957,-7.128473331942012e-14,10.70457763488585,10.47668148145632,10.704577634885847,10.47668148145632,-0.00030687067568401026,2.622902677963506e-15,-0.00030687067568401026,2.622902677963506e-15,10.704577642172348,10.47668148145632
23,mp-625148,mp-625175,Cl4H12O20,train,train,train,5.433712833494041e-13,-7.627443398434028e-15,5.43371283349404e-13,-7.627443398434028e-15,4.236502954182743e-13,-1.2371355158615892e-15,4.236502954182743e-13,-1.2371355158615892e-15,5.234242859684046,2.806569004672077,5.234242859684046,2.806569004672077,5.234242859684046,2.806569004672077
24,mp-23876,mp-24468,H32N8O16S4,train,train,train,3.4779884094572053e-13,-1.704271938490381e-15,3.4779884094572053e-13,-1.704271938490381e-15,-9.13808854119685e-13,-8.350974297353708e-15,-9.13808854119685e-13,-8.35097429735371e-15,-0.0017976311300179515,0.26225676591258795,-0.0017976311300179303,0.26225676591258795,0.0017976311300179303,0.26225676591258795
25,mp-779986,mp-779941,Cr4O12,train,train,train,0.0,-2.372137310826581e-15,0.0,-2.3721373108265807e-15,2.349830977520012e-13,8.584141958825643e-16,2.349830977520012e-13,8.584141958825643e-16,-0.37053145592128117,-0.9041752963219415,-0.37053145592128117,-0.9041752963219415,0.37053145592128117,0.9041752963219415
26,mp-558238,mp-27925,Er16K8F56,train,train,train,-1.2907134319624847e-05,1.467257636058629e-14,-1.2907134319624847e-05,1.467257636058629e-14,2.5839139611985175e-05,7.354158383230612e-15,2.5839139611985185e-05,7.354158383230612e-15,-1.5272754891465237,-1.543581766309467,-1.527275489146524,-1.5435817663094669,1.5272754894196428,1.5435817663094669
27,mp-19727,mp-619032,Pb4C4N8,train,train,train,0.005199489999821463,9.78117570809907e-15,0.005199489999821463,9.78117570809907e-15,-1.041034003339282e-12,-5.879539903007618e-15,-1.0410340033392822e-12,-5.8795399030076175e-15,10.54311170114484,11.014355396761284,10.54311170114484,11.014355396761284,10.543112983247097,11.014355396761284
28,mp-561102,mp-556892,Bi4In4O12,test,train,test,0.0008807680109594048,1.2401339600363617e-07,0.0008807680109594048,1.2401339600363617e-07,0.00022019200242271274,4.6396726910152665e-08,0.00022019200242271274,4.6396726910152665e-08,64.74323865499969,56.013322919597265,64.74323865499969,56.013322919597265,64.74323866136511,56.013322919597265
29,mp-868359,mp-761551,Li4Mn4O16P4,train,valid,train,5.015607435894925e-05,1.9746266179520794e-05,5.0156074358949274e-05,1.974626617952079e-05,-0.0010031214920670172,-1.7602668869739417e-14,-0.0010031214920670172,-1.760266886973942e-14,-23.169574554193826,-18.72013346491264,-23.169574554193826,-18.72013346491264,23.169574575963072,18.72013346492305
30,mp-868359,mp-766735,Li4Mn4O16P4,train,test,train,0.00010351176132685596,-3.011245527518581e-14,0.00010351176132685597,-3.011245527518581e-14,0.0002070235255993677,1.7972779926460363e-14,0.0002070235255993677,1.7972779926460363e-14,5.323780451601127,3.7932464907599432,5.323780451601127,3.7932464907599432,5.323780456632648,3.7932464907599432
31,mp-777588,mp-777471,Fe4Li8F16,train,train,train,-0.0007210723776190462,-1.744744480041029e-14,-0.0007210723776190462,-1.744744480041029e-14,1.4102731701325815e-12,2.4705292027096395e-14,1.4102731701325817e-12,2.4705292026846077e-14,57.16981833883429,59.02858414190753,57.16981833883429,59.02858414190753,57.169818343381664,59.02858414190753
32,mp-767620,mp-767103,Li4V4O16Si4,train,train,train,0.0,7.476268149215961e-14,5.757806123249151e-21,7.47626814921596e-14,8.872122579566493e-05,-8.628098155963295e-14,8.872122579566486e-05,-8.628098155963295e-14,-1.6973644967870398,-0.5837969045273538,-1.6973644967870398,-0.5837969045273542,1.6973644991057686,0.5837969045273542
33,mp-761401,mp-761399,Cr4Li4O16P4,train,valid,train,-9.954761211307947e-13,-2.6231023117774082e-14,-9.9547612853097e-13,-2.6231023117774082e-14,4.411634112734643e-05,-2.689910984207366e-14,4.411634112734643e-05,-2.689910984207366e-14,-38.15451548179942,-37.85197424712266,-38.15451548179942,-37.85197424712266,38.15451548182493,37.85197424712266
34,mp-765913,mp-766763,Fe4Li4O16P4,train,test,train,0.00017443139705809412,-2.3202085247504887e-14,0.00017443139705809412,-2.3202085247504887e-14,4.360784868353763e-05,1.8735516925187972e-14,4.360784868353762e-05,1.873551692518797e-14,-25.220578909582013,-23.1380335420058,-25.220578909582013,-23.1380335420058,25.22057891022292,23.1380335420058
35,mp-765871,mp-780646,Li4Mn4O16P4,train,train,train,-4.777265478693655e-05,-2.3281635786449703e-14,-4.777265478693655e-05,-2.32816357864497e-14,4.777265290430866e-05,-6.390065422377088e-15,4.7772652904308644e-05,-6.390065422377088e-15,-13.017094726918302,-13.375176108247393,-13.017094726918303,-13.375176108247393,13.01709472709363,13.375176108247393
36,mp-733653,mp-24603,Al8Ca4H16O40Si8,train,train,train,2.59863604582635e-12,6.704672292324367e-14,2.5986360458263504e-12,6.704672292370753e-14,0.0,9.02152174244238e-14,1.579868137276492e-28,9.021521742015089e-14,-4.198842812960206,-3.747885049211543,-4.198842812960207,-3.747885049211543,4.198842812960207,3.747885049211543
37,mp-644506,mp-699136,Al4Na4C4H8O20,test,train,test,1.2760438308908958e-12,-7.958171273755767e-14,1.276043830890896e-12,-7.958171273755767e-14,1.7854035008255812e-12,-5.340196042057172e-14,1.7854035008255812e-12,-5.340196042057172e-14,-0.7596517521255409,0.31492207623040336,-0.7596517521255409,0.31492207623040336,0.7596517521255409,0.31492207623040336
38,mp-7905,mp-554089,O8Si4,valid,train,valid,1.595015365043604e-13,1.606662355495348e-14,1.595015326947035e-13,1.606662355495348e-14,2.209271864631762e-13,-2.7318622300881507e-14,2.2092719315161676e-13,-2.7318622300881504e-14,89.04400638706974,85.99468059170566,89.04400638706974,85.99468059170565,89.04400638706974,85.99468059170565
39,mp-765871,mp-867520,Li4Mn4O16P4,train,valid,train,4.271882815575936e-05,1.1150199712711175e-14,4.2718828155759376e-05,1.1150199712711175e-14,1.1138570087263467e-12,-1.535200935941122e-14,1.1138570063772896e-12,-1.5352009359411213e-14,-24.597299861587064,-26.495296852119225,-24.597299861587064,-26.495296852119225,24.59729986162416,26.495296852119225
40,mp-36216,mp-32669,Ag8S4,train,train,train,-6.216410569518926e-05,-4.5982316123742725e-17,-6.216410569518926e-05,-4.598231612374276e-17,0.0003108205281873695,3.631613254213472e-14,0.00031082052818736956,3.631613254213472e-14,0.3976053907185645,-2.7629775526889455,0.3976053907185646,-2.7629775526889455,0.39760551706715436,2.7629775526889455
41,mp-12286,mp-13664,Sr8Ta8O28,train,train,train,-0.00010094870799565186,3.1940215215437216e-16,-0.00010094870799565185,3.1940215215437216e-16,-3.966039663653825e-12,5.2479751492870286e-14,-3.966039663653825e-12,5.2479751492870305e-14,2.9891032268702062,1.7018110978054628,2.9891032268702062,1.7018110978054628,2.9891032285748382,1.7018110978054628
42,mp-21283,mp-21521,Cs8Pb4O12,test,train,test,0.0,1.3087029056790145e-14,2.2622499177004007e-21,1.3087029056790145e-14,5.614072854277567e-05,-4.209281087936549e-05,5.614072854277569e-05,-4.209281087936549e-05,7.218217481091107,5.945751692168831,7.218217481091107,5.945751692168831,7.218217481309428,5.945751692317828
43,mp-32791,mp-32669,Ag8S4,train,train,train,-0.00036842112878059775,-1.0929821125010063e-15,-0.00036842112878059775,-1.0929821125010063e-15,-0.0004823693859486676,2.3728830489637617e-14,-0.00048236938594866795,2.3728830489637617e-14,-48.8741438713209,-50.06372728572774,-48.8741438713209,-50.06372728572773,48.87414387508991,50.06372728572773
44,mp-568392,mp-568386,Ag80Br24Te32,train,train,train,-4.592382283242566e-06,1.250023286844199e-14,-4.592382283242567e-06,1.2500232869451684e-14,-4.592376428192212e-06,-2.550139517328591e-14,-4.592376428192212e-06,-2.550139517328591e-14,-3.8627579897329203,-2.8529361766539667,-3.8627579897329203,-2.8529361766539676,3.86275798973838,2.8529361766539676
45,mp-634105,mp-632229,Br4H4,train,test,train,0.000367923149361626,-2.7149768325928382e-17,0.000367923149361626,-2.7149768325928382e-17,0.0032377237138326454,5.159233884874872e-15,0.0032377237138326454,5.159233884874872e-15,-72.51796231712734,-63.84214909014614,-72.51796231712734,-63.84214909014614,72.51796239033833,63.84214909014614
46,mvc-14740,mvc-3460,Y6O18Sb6,train,train,train,0.00019404432872591198,-3.678070508123555e-15,0.00019404432872591198,-3.678070508123555e-15,-0.00015786391625255004,9.453618742028133e-15,-0.00015786391625255004,9.453618742028133e-15,7.52254490076925,31.25498076191969,7.52254490076925,31.254980761919683,7.522544904928362,31.254980761919683
47,mp-2175,mp-558134,Tl4F4,train,test,train,-0.0006840836184361206,7.985896169962789e-16,-0.0006840836184361206,7.985896169962797e-16,8.551045197362087e-05,1.0079038019289136e-16,8.551045197362086e-05,1.0079038019289136e-16,6.371883203932728,5.317435487981291,6.371883203932728,5.3174354879812915,6.371883241228016,5.3174354879812915
48,mp-545760,mp-551176,Rb8C2O8,train,valid,train,5.0160852040828165e-05,1.3520200076115137e-14,5.0160852040828165e-05,1.3520200076115137e-14,14.604929954260477,15.235450478710463,14.604929954260477,15.235450478710467,-0.0004177706648697081,-1.6575776828636525e-14,-0.0004177706648697081,-1.6575776828636525e-14,14.604929960321734,15.235450478710467
49,mp-626414,mp-626435,Al4H12O12,train,train,train,0.02051981385279092,0.146382611384859,0.02051981385279092,0.146382611384859,0.011301673775288238,0.017419908894095008,0.01130167377528824,0.01741990889409501,0.11123400201306487,-0.13542234443018492,0.11123400201306487,-0.13542234443018494,0.11367406825885465,0.2001762561161959
50,mp-625447,mp-625452,Pr2H6O6,train,train,train,0.15567995439022986,0.26093414290231315,0.15567995439022986,0.26093414290231315,-1.521224476276211e-13,-4.186766659188221e-16,-1.521224476276211e-13,-4.186766659188221e-16,0.034081824839948247,0.11964030597646227,0.03408182483994825,0.1196403059764623,0.1593669319004572,0.2870547504332689
51,mp-690733,mp-625445,H8O16S4,train,train,train,51.4709376409257,51.69084596539011,51.4709376409257,51.69084596539011,-4.7910331728103564e-05,-4.761299505518826e-14,-4.7910331728103564e-05,-4.761299505518826e-14,1.453342215349809,-0.6414243180892696,1.453342215349809,-0.6414243180892722,51.49145196276053,51.694825483538715
52,mp-555729,mp-600236,Cu8C24H40N16S12,train,train,train,7.442338891956812e-06,8.096872493446958e-07,7.442338891956812e-06,8.096872493446958e-07,0.016473259204833137,-0.5020719602386227,0.016473259204833137,-0.5020719602386227,5.522193233818259e-13,-2.3917560297872953e-06,5.522193233818258e-13,-2.3917560297872953e-06,0.016473260885994243,0.5020719602449725
53,mp-3828,mp-4202,Al16Ba8O32,valid,train,valid,5.599876410307173e-13,-1.7676839789770547e-09,5.599876410307173e-13,-1.7676839789770543e-09,-5.599876238359911e-13,8.017369768647532e-10,-5.599876238359911e-13,8.017369768647533e-10,0.3176415351160401,0.3928491118962605,0.31764153511604004,0.3928491118962605,0.31764153511604004,0.3928491118962605
54,mp-625513,mp-625526,H4O8Te2,train,train,train,0.28027767771336326,0.26925033461124265,0.28027767771336326,0.26925033461124265,-0.0001105962535561934,1.99640175105937e-15,-0.0001105962535561934,1.99640175105937e-15,-21.84097283552955,-22.581180074078624,-21.84097283552955,-22.58118007407862,21.842771115204123,22.58278524187514
55,mp-561388,mp-24942,Bi3Fe3O9,train,train,train,0.052564133517390026,3.342145584330527e-05,0.052564133517390026,3.342145584330527e-05,-0.0520875359876147,-7.75540140997189e-05,-0.0520875359876147,-7.75540140997189e-05,-124.5253535889267,-91.55079851881428,-124.5253535889267,-91.55079851881428,124.5253755768147,91.55079851885323
56,mp-605824,mp-562815,Cs12C3O12,train,train,train,0.012697586735336953,-0.000157670323469706,0.012697586735336953,-0.000157670323469706,-0.013124509665216754,7.044300274307727e-05,-0.013124509665216754,7.044300274307727e-05,-1.694739547769397,-1.5690078891204893,-1.694739547769397,-1.5690078891204893,1.6948379321446856,1.569007898623994
57,mp-27773,mp-625256,H20I4O24,train,valid,train,-0.3742763859767307,-0.506020860500409,-0.3742763859767307,-0.506020860500409,0.0,4.693929837178296e-06,0.0,4.693929837178297e-06,-0.2376793579160598,-0.6872798617313397,-0.2376793579160598,-0.6872798617313397,0.4433669927714434,0.8534698117830863
58,mp-705495,mp-560899,Ca4B12H20O32,test,train,test,9.736097274551912e-13,-8.618373089082083e-15,9.736097274551914e-13,-8.618373089082083e-15,-0.6164959473584174,-1.2241797083287764,-0.6164959473584174,-1.2241797083287764,-6.992266422067136e-13,5.319559497866622e-14,-6.992266422067136e-13,5.319559497866622e-14,0.6164959473584174,1.2241797083287764
59,mp-545379,mp-556892,Bi4In4O12,train,valid,train,0.0008807680107231736,1.2401337138430267e-07,0.0008807680107231736,1.2401337138430267e-07,0.00022019200219931353,4.639669606653771e-08,0.00022019200219931353,4.639669606653771e-08,64.7430067854333,56.0133223237552,64.74300678543328,56.0133223237552,64.74300679179873,56.0133223237552
60,mp-626449,mp-626450,H12O16P4,train,train,train,-3.401291182552836,-3.403118289059258,-3.401291182552836,-3.4031182890592575,-5.211610149502347e-13,-9.887327150431667e-15,-5.211610149502347e-13,-9.887327150431667e-15,-2.5509589502353625,-3.14595492177339,-2.5509589502353625,-3.1459549217733898,4.251608316190189,4.634462909459932
61,mp-29764,mp-677103,Rb4F8H4,train,train,train,0.0,-1.8386259489481995e-15,0.0,-1.838625948948197e-15,-6.057537331241251e-05,1.3602475768313846e-15,-6.05753733124125e-05,1.3602475768313838e-15,1.550994260746456,2.19955180115648,1.5509942607464562,2.19955180115648,1.550994261929367,2.19955180115648
62,mp-551736,mp-545630,K12C3O12,valid,train,valid,0.017225503518266103,2.0664775672126997e-05,0.017225503518266103,2.0664775672126997e-05,-0.015333945347224936,2.0600369815916466e-05,-0.015333945347224936,2.0600369815916466e-05,-14.589177033647776,-9.99182378480934,-14.589177033647776,-9.99182378480934,14.589195261115915,9.991823784851945
63,mp-763372,mp-763531,Li4W8O48P12,train,train,train,-0.00017663777141500067,8.351110613782384e-15,-0.00017663777141500067,8.351110613782387e-15,-5.060376038959745,-2.74665584843843,-5.060376038959745,-2.7466558484384294,5.96273158375099e-05,2.4569092394699677e-14,5.96273158375099e-05,2.4569092394699677e-14,5.060376042393909,2.7466558484384294
64,mp-546320,mp-550314,Rb12C3O12,test,train,test,0.004750482671068646,0.00047583749920337976,0.004750482671068646,0.00047583749920337976,-0.004649118034128695,-0.00027462251743562915,-0.004649118034128695,-0.00027462251743562915,-0.5984995335269703,-0.5789912513452472,-0.5984995335269704,-0.5789912513452472,0.598536442512989,0.5789915120044403
65,mp-7087,mp-555235,O16Si8,train,train,train,0.021609133973318557,-0.24754390484492556,0.021609133973318557,-0.24754390484492556,-4.167645371655911e-05,2.902268926201613e-14,-4.167645371655911e-05,2.902268926201613e-14,-0.06398796791146878,0.3906030463639242,-0.0639879679114688,0.3906030463639242,0.06753825912357221,0.4624378062557726
66,mp-568986,mp-27181,Au4K4Cl16,train,test,train,-0.21895072133595275,-0.17622463668144006,-0.21895072133595275,-0.17622463668144006,4.019599207470269e-13,7.53424132780773e-17,4.019599207470269e-13,7.53424132780773e-17,0.14271563422399425,0.1500506213067711,0.14271563422399425,0.1500506213067711,0.26135640536533816,0.23145261184107122
67,mp-540020,mp-762896,Fe16Li4O48P12,train,train,train,-4.911714852980622,-3.8168727733314562,-4.911714852980623,-3.8168727733314562,1.7209439705071294e-05,2.3184062755430665e-14,1.7209439705071294e-05,2.3184062755430665e-14,-17.760692645671316,-18.075044077676235,-17.760692645671316,-18.075044077676235,18.427347775827368,18.473649779557306
68,mp-558226,mp-557082,H24O12,train,train,train,0.0,3.288455230686836e-14,0.0,3.288455230686836e-14,-13.473414586149497,-13.1555032610672,-13.473414586149497,-13.1555032610672,-7.007459974162013e-13,1.1435634595258069e-14,-7.007459974162013e-13,1.1435634595258069e-14,13.473414586149497,13.1555032610672
69,mp-551886,mp-552623,Na12C3O12,train,valid,train,-0.001050325485965415,-0.0002539420882521405,-0.001050325485965415,-0.0002539420882521405,0.000830256192989294,0.00014867644670049914,0.000830256192989294,0.00014867644670049914,-3.5549346204878916,-4.028100503542229,-3.554934620487891,-4.028100503542229,3.5549348726034853,4.028100514290629
70,mp-766952,mp-764895,Li2V2F8,train,valid,train,-0.00011565055576560816,-1.743944080841619e-14,-0.00011565055576560816,-1.743944080841619e-14,47.7543522478692,7.905012151557528,47.75435224786919,7.905012151557528,0.00036214573207538737,2.950335309667262e-14,0.00036214573207538737,2.950335309667262e-14,47.7543522493824,7.905012151557528
71,mp-626605,mp-626587,Al8H24O24,train,train,train,-0.07996887530536737,-0.7589917986014982,-0.07996887530536737,-0.7589917986014983,-3.53628218459922e-05,-2.2733858479958237e-05,-3.53628218459922e-05,-2.273385847995824e-05,8.107915850068292,8.582336860214095,8.107915850068292,8.582336860214095,8.108310209535446,8.615832782328745
72,mp-625541,mp-625789,Sn24H16O32,train,valid,train,1.4577477222272002,1.3522080587564063,1.4577477222272002,1.3522080587564063,0.0014281073679573673,8.001538034250946e-06,0.0014281073679573673,8.001538034250946e-06,-0.584428919749339,-0.38687872654940614,-0.5844289197493391,-0.3868787265494062,1.570537367714829,1.406464284397682
73,mp-554355,mp-560030,Ca2F4,train,valid,train,-0.0009144860584510057,2.3821938535405065e-16,-0.0009144860584510057,2.3821938535405065e-16,-0.0007315888468931372,6.217937425274422e-14,-0.0007315888468931372,6.217937425274422e-14,16.50766564894777,5.008358216951899,16.50766564894777,5.008358216951899,16.50766569048929,5.008358216951899
74,mp-2998,mp-5986,BaTiO3,train,train,train,-0.005698587456928293,-8.39099063233392e-16,-0.005698587456928293,-8.39099063233392e-16,-0.0040836872636345785,2.0472417303992916e-16,-0.0040836872636345785,2.0472417303992916e-16,45.90206709541676,36.90164390311378,45.902067095416754,36.90164390311378,45.902067630800055,36.90164390311378
75,mp-7648,mp-555891,O8Si4,train,train,train,9.327221504525477e-05,3.288694056475682e-14,9.327221504525478e-05,3.288694056475682e-14,0.03637365846720436,-0.8417341449816651,0.03637365846720437,-0.8417341449816651,4.4486059853741186e-05,2.298513404148705e-14,4.448605985374121e-05,2.298513404148705e-14,0.03637380525879096,0.8417341449816651
76,mp-551886,mp-552941,Na12C3O12,train,train,train,0.053518600729052644,9.319581550523682e-05,0.053518600729052644,9.319581550523682e-05,-0.05450846409913834,-3.730360121849146e-05,-0.05450846409913834,-3.730360121849146e-05,56.23391552974898,56.85931850652966,56.23391552974898,56.85931850652967,56.23396741490169,56.85931850661828
77,mp-558351,mp-557881,O48Si24,train,train,train,-0.007063372930150884,0.49022885120771237,-0.007063372930150884,0.4902288512077124,-2.000023148537221e-12,-7.962623979430327e-15,-2.000023148537221e-12,-7.962623979430327e-15,0.013442321214552078,0.020310632987495008,0.013442321214552076,0.020310632987495008,0.015185099169435315,0.4906494149275898
78,mp-551886,mp-645295,Na8C2O8,train,train,train,-8.547130775977273,-7.254741510361107,-8.547130775977275,-7.254741510361108,-3.515329041935361e-13,-6.286098782864939e-16,-3.515329041935361e-13,-6.286098782864951e-16,-10.170934401338727,-10.921450320617431,-10.170934401338727,-10.921450320617431,13.285381104732881,13.111420651015326
79,mp-550679,mp-551176,Rb8C2O8,train,train,train,0.00019064664541387953,4.940622977548247e-10,0.00019064664541387953,4.940622977548247e-10,14.604631792628435,15.235361580462957,14.604631792628439,15.235361580462957,-0.0003424528390436419,-1.257997009044609e-08,-0.0003424528390436419,-1.257997009044609e-08,14.604631797887732,15.235361580462957
80,mp-653454,mp-647575,K24Zn12Cl48,train,train,train,0.00031781423921763667,7.798571670209945e-15,0.00031781423921763667,7.798571670209945e-15,-0.00020087142344956833,-1.186646562524472e-05,-0.00020087142344956828,-1.1866465625244722e-05,0.46226564399913445,0.3437561440906597,0.46226564399913445,0.34375614409065974,0.4622657968930363,0.343756144295475
81,mp-608314,mp-568350,Rb24Zn12Cl48,train,train,train,-0.0003096593505944014,-8.175415074604977e-15,-0.0003096593505944014,-8.175415074604977e-15,0.0002064570018393628,-8.161081406563582e-15,0.0002064570018393628,-8.161081406563582e-15,0.4849155682423995,0.2644995044310648,0.4849155682423995,0.2644995044310648,0.48491571106456866,0.2644995044310648
82,mp-23617,mp-23087,Mg12B28Cl4O52,train,train,train,4.3172413848216904e-12,2.5664220730934886e-14,4.31724138482169e-12,2.5664220730934886e-14,1.7240425998665922e-12,-1.4775381614175422e-16,1.7240425998665922e-12,-1.4775381614175422e-16,-0.3467107921964888,-0.5527388547046169,-0.3467107921964888,-0.5527388547046168,0.3467107921964888,0.5527388547046168
83,mp-566691,mp-579770,Cr12B28Cl4O52,train,valid,train,1.7383081970878374e-05,8.135219731749911e-15,1.7383081970878374e-05,8.135219731749911e-15,1.7333218547284455e-05,5.702671056418254e-15,1.733321854728445e-05,5.702671056418254e-15,1.5612591935752467,1.531466542490391,1.561259193575247,1.531466542490391,1.561259193768236,1.531466542490391
84,mp-15248,mp-557711,K12Nb12B8O48,train,valid,train,1.438577184212402e-05,-1.659587188291563e-14,1.438577184212402e-05,-1.659587188291563e-14,-1.6564920713042287e-13,-8.623929678194739e-15,-1.6564920615855398e-13,-8.623929678194739e-15,-0.10184865355457497,-0.09421422341387607,-0.10184865355457497,-0.09421422341387607,0.10184865457054534,0.09421422341387607
85,mp-557954,mp-541950,Ga2N10O28,test,valid,test,-2.011908657042927e-05,4.60262045853098e-14,-2.011908657042927e-05,4.60262045853098e-14,0.02928893902072828,11.589715136610879,0.02928893902072828,11.589715136610879,-2.7773283499356582e-05,1.1677648110441201e-15,-2.7773283499356582e-05,1.1677648110441201e-15,0.0292889590988287,11.589715136610879
86,mp-23930,mp-721896,C4H16N8S4,valid,train,valid,2.747222826179455e-13,1.8431050020920718e-14,2.747222826179455e-13,1.8431050020920718e-14,-0.0003153594311839123,-1.0471379687461432e-16,-0.0003153594311839123,-1.0471379687461432e-16,-4.842227347780795,-2.235462615857961,-4.842227347780795,-2.235462615857961,4.842227358049992,2.235462615857961
87,mvc-15941,mvc-3479,Bi6Y6O18,train,train,train,0.00015070330593843195,-3.5216227391854054e-15,0.00015070330593843195,-3.5216227391854054e-15,-0.00014919642481312943,5.002771999550956e-14,-0.00014919642481312946,5.002771999550956e-14,9.682941987536644,30.94426623965816,9.682941987536644,30.94426623965816,9.682941989858824,30.94426623965816
88,mp-5226,mp-557025,K24O48Se12,train,valid,train,0.0005212170445054698,-5.9587413932116025e-05,0.0005212170445054699,-5.9587413932116025e-05,-0.00019929455433624358,2.1028290300499415e-05,-0.0001992945543362436,2.1028290300499415e-05,0.7152138506568522,0.7374538244254826,0.7152138506568521,0.7374538244254826,0.7152140683438272,0.7374538271326683
89,mp-935811,mp-5246,K2Nb2O6,train,train,train,-0.0001169473005130188,2.789775709075679e-16,-0.0001169473005130188,2.7897757090756795e-16,0.018055800420123082,2.317904741439448e-14,0.018055800420123082,2.317904741439448e-14,-51.34322557777923,-73.06765964876965,-51.34322557777923,-73.06765964876965,51.343228752741375,73.06765964876965
90,mp-550008,mp-555313,Bi8Sc8O24,train,valid,train,-4.9302973391875815,-4.25925463569184,-4.9302973391875815,-4.25925463569184,-7.11476353422888e-13,-3.3275856884357642e-15,-7.114763557259996e-13,-3.3275856884357642e-15,1.6451854920661597,0.523048038850896,1.6451854920661602,0.5230480388508959,5.197544339022527,4.291250319266892
91,mp-567075,mp-25708,Bi8Mo4O24,train,train,train,-0.007995001763498787,3.630487944195207e-14,-0.007995001763498787,3.630487944195207e-14,0.0,1.3220288443128936e-14,-4.716458553684307e-21,1.3220288443128936e-14,7.709825850119469,5.3477601085466215,7.7098258501194685,5.347760108546626,7.709829995481326,5.347760108546626
92,mp-559313,mp-557264,O32Si16,train,train,train,0.0,1.158970807689351e-13,-7.89934068638246e-29,1.158970807689351e-13,-0.0013639551008868735,3.851916679273444e-14,-0.0013639551008868735,3.851916679273444e-14,-0.1617394738532099,0.719001030834286,-0.16173947385320983,0.7190010308342859,0.16174522489344278,0.7190010308342859
93,mp-551740,mp-550320,Li8C2O8,train,train,train,-0.00034076075904240294,-2.3856040832289047e-15,-0.00034076075904240294,-2.3856040832289047e-15,49.00042861844405,45.77127024178375,49.00042861844405,45.77127024178375,0.0012260456251006343,2.0609728015350727e-14,0.0012260456251006343,2.0609728015350727e-14,49.00042863496743,45.77127024178375
94,mp-551848,mp-550320,Li8C2O8,train,test,train,-0.002441692576330487,-3.874561102605591e-14,-0.0024416925763304865,-3.874561102605591e-14,48.99224900797491,45.76888256866197,48.992249007974905,45.76888256866198,1.6044814692973196e-05,9.465917001374525e-15,1.6044814692973196e-05,9.465917001374525e-15,48.992249068822495,45.76888256866198
95,mp-626104,mp-626114,U3H2O10,train,train,train,-23.61437049742236,-26.023271437116804,-23.61437049742236,-26.02327143711681,-0.5510735814578377,1.7998232846776234,-0.5510735814578377,1.7998232846776234,3.3959994908445696,2.8543612075460785,3.3959994908445705,2.854361207546079,23.863675086279752,26.24113941979409
96,mp-546707,mp-13274,Na8C2O8,train,test,train,-0.00015087395347376716,1.0352230510703548e-14,-0.00015087395347376716,1.0352230510703548e-14,39.17353170977049,40.54928681646278,39.17353170977049,40.54928681646278,-5.854985142324443e-07,-1.3559521958731433e-14,-5.85498514232444e-07,-1.3559521958731438e-14,39.17353171006103,40.54928681646278
97,mp-626062,mp-626114,U3H2O10,train,train,train,-23.614315064281175,-26.023272597874296,-23.614315064281172,-26.0232725978743,-0.5511244144364149,1.7998228191450951,-0.5511244144364149,1.7998228191450951,3.3960320527573113,2.8543604357257526,3.3960320527573113,2.8543604357257526,23.863626040035903,26.24114045503029
98,mp-557911,mp-541732,Al12Pb20F76,train,train,train,-1.003921763192025e-05,-1.2333383695209993e-14,-1.003921763192025e-05,-1.2333383695209993e-14,1.003921679948015e-05,-3.4963614432426565e-15,1.003921679948015e-05,-3.4963614432426565e-15,-13.86408348414198,-15.225280478944734,-13.86408348414198,-15.225280478944734,13.864083484149251,15.225280478944734
99,mp-554675,mp-23089,Bi8Sr4Ta8O36,train,test,train,2.8958093618265247e-12,1.0494551640834705e-13,2.8958093618265255e-12,1.0494551640834705e-13,0.007525730888644322,-6.054423694981966e-14,0.007525730888644323,-6.054423694981966e-14,-36.88874978634328,-40.29541232796187,-36.888749786343276,-40.29541232796187,36.88875055401127,40.29541232796187
100,mp-754165,mp-769079,Ga6Sc6O18,train,train,train,0.0002748070563055091,2.9138204977999445e-11,0.0002748070563055091,2.9138204977999445e-11,-0.00022133967152825136,3.4291488513283373e-10,-0.00022133967152825136,3.4291488513283373e-10,10.011743485057641,-11.95747697697445,10.011743485057641,-11.95747697697445,10.011743491275848,11.95747697697445
101,mp-5811,mp-20282,Cs6Pb6F18,valid,train,valid,0.004578773549418819,2.089888937239804e-09,0.004578773549418819,2.089888937239804e-09,-0.0004233759883527985,1.6139672821894522e-07,-0.0004233759883527985,1.6139672821890827e-07,0.6725438752103299,0.03824921403302499,0.6725438752103299,0.03824921403302497,0.6725595947552694,0.038249214033365536
102,mp-32791,mp-38511,Ag4S2,train,train,train,3.619823116730085,-2.0794543548188713,3.619823116730085,-2.0794543548188713,0.0021745504161044204,-1.1322967304157235e-13,0.00217455041610414,-1.1322967304157235e-13,-47.65168294689361,-45.728149771685345,-47.65168294689361,-45.72814977168534,47.78897374705126,45.775406191048276
103,mp-23680,mp-675395,C16H8O16,train,test,train,0.18308875594692678,0.7135193638666361,0.18308875594692678,0.7135193638666361,1.1215479920778401e-05,9.136009408519497e-15,1.1215479920778404e-05,9.136009408519497e-15,3.444431000291416,2.840781901896977,3.444431000291416,2.840781901896977,3.449293610066923,2.9290188966201725
104,mp-770536,mp-868263,Li4V2F10H4O2,train,train,train,5.285341137616165,5.445212444676513,5.285341137616165,5.445212444676513,4.805497144209585,2.7817353376120035,4.805497144209584,2.7817353376120035,-6.654877767234993,-4.528406712676541,-6.654877767234993,-4.528406712676541,9.762941761621997,7.608867025490279
105,mp-604245,mp-24614,Be8F32H64N16,train,test,train,2.8242738865058948e-12,-2.185936746909542e-14,2.824273886505895e-12,-2.185936746909542e-14,-8.290026408767195e-13,-2.9033080725573153e-15,-8.290026408767193e-13,-2.903308072557316e-15,0.5830009831001824,0.5973274258663623,0.5830009831001824,0.5973274258663623,0.5830009831001824,0.5973274258663623
106,mp-625316,mp-625318,Al2H6O6,train,test,train,-6.711614798284253,-5.949229433448208,-6.711614798284255,-5.949229433448209,-8.386855448882333,-8.458015794990256,-8.386855448882335,-8.458015794990256,-11.631360213025461,-12.723926135442358,-11.631360213025461,-12.723926135442358,15.832676903358674,16.396025687351926
107,mp-720982,mp-24614,Be8F32H64N16,train,train,train,-5.2918644341234926e-05,7.373042319384284e-05,-5.2918644341234926e-05,7.373042319384284e-05,5.526684272511461e-13,5.664332142222288e-15,5.526684272511459e-13,5.664332167133649e-15,0.5829739960129142,0.597360354837258,0.5829739960129142,0.597360354837258,0.582973998414722,0.5973603593874222
108,mvc-14312,mp-765140,V4F20,train,train,train,0.24032732809323515,-0.028637282313398918,0.24032732809323515,-0.028637282313398918,0.0,-4.17785889650455e-15,0.0,-4.17785889650455e-15,-0.9217105482859262,0.9659013730126905,-0.9217105482859264,0.9659013730126905,0.9525269337136754,0.9663258023700382
109,mvc-14312,mp-766786,V4F20,train,test,train,0.19550398784405656,0.024713455586416973,0.19550398784405656,0.024713455586417004,-3.5838388727219283e-13,-1.137740448388279e-14,-3.5838388727219283e-13,-1.137740448388279e-14,29.818189100675937,29.43417396010145,29.818189100675937,29.43417396010145,29.818830008116215,29.43418433502789
110,mp-547898,mp-551176,Rb8C2O8,train,train,train,8.139876802401955e-05,8.953422270083373e-15,8.139876802401957e-05,8.953422270083373e-15,14.604597769708722,15.235267714654807,14.604597769708722,15.235267714654807,-0.00040102288912593695,-2.2323705603667646e-15,-0.00040102288912593695,-2.2323705603667646e-15,14.604597775441338,15.235267714654807
111,mp-23335,mp-23427,Bi16Ti12O48,test,train,test,-0.0038475236485067303,7.279825548585358e-15,-0.0038475236485067303,7.279825548585358e-15,-1.59095618399773e-05,6.023583437555755e-14,-1.59095618399773e-05,6.023583437555755e-14,-17.0445665366261,-19.26982663796334,-17.0445665366261,-19.26982663796334,17.04456697089033,19.26982663796334
112,mp-762173,mp-763217,Li4Ni4O16P4,train,train,train,0.0,-2.96062774267958e-14,0.0,-2.96062774267958e-14,-0.4120489684477642,-1.0933284372084258,-0.4120489684477642,-1.0933284372084258,-2.3703827979895606e-13,-2.9020923399834387e-14,-2.3703827980611144e-13,-2.9020923399834387e-14,0.4120489684477642,1.0933284372084258
113,mp-35171,mp-752467,Nb4F4O8,train,train,train,138.67472280623664,134.77670513606344,138.67472280623664,134.77670513606344,0.000467681741868517,-3.3467694647703605e-14,0.00046768174186851894,-3.3467694647703605e-14,21.497299704784727,26.19802876737943,21.497299704784723,26.198028767379423,140.3310822312813,137.29929700704892
114,mp-644431,mp-29246,Cd8Cl4P12,train,train,train,0.2091860518039998,0.054250662388963006,0.20918605180399985,0.054250662388963006,-2.860102912401273e-05,6.1944775422991194e-15,-2.860102912401273e-05,6.194477542299122e-15,0.8243177993557846,-0.3627453601527358,0.8243177993557846,-0.36274536015273573,0.8504461413999879,0.3667796759390836
115,mp-566761,mp-566776,Cr4O36P12,train,test,train,0.02763816351472273,-1.0286550470294542,0.027638163514722733,-1.028655047029454,4.4605522902935215e-13,7.815698053607322e-15,4.4605522902935185e-13,7.815698053607322e-15,0.35501897401622273,-0.3356063110401769,0.35501897401622273,-0.3356063110401769,0.35609316195905527,1.082017930437922
116,mp-690733,mp-625474,H8O16S4,train,train,train,65.06821828249333,64.5550862568249,65.06821828249333,64.5550862568249,4.831614409590115e-05,-2.501735690910724e-14,4.831614409590115e-05,-2.501735690910724e-14,-5.161186987054908,-3.9051495122530366,-5.161186987054908,-3.905149512253038,65.27258905218851,64.67309606273038
117,mp-706912,mp-695383,K8H4N4O24S8,train,test,train,1.1795693319531313,0.7759703129233484,1.1795693319531313,0.7759703129233484,-4.153586350456166e-05,8.436269787068773e-05,-4.153586350456165e-05,8.436269787068774e-05,-2.9565369878108263,-2.634440464531624,-2.9565369878108263,-2.634440464531624,3.1831579871101434,2.7463442054514986
118,mp-985582,mp-950995,Li24I4P4S20,train,train,train,1.6882365804076074,1.3517601073686998,1.6882365804076074,1.3517601073686998,3.9517884334831826e-08,-4.763625698549393e-15,3.9517884334826525e-08,-4.763625698549393e-15,2.573290333770888,1.4696075438248657,2.573290333770888,1.4696075438248657,3.077655908854182,1.9967477859610596
119,mp-935811,mp-4342,KNbO3,train,train,train,-0.014764213888841415,0.0,-0.014764213888841415,0.0,-0.014764213888841415,0.0,-0.014764213888841415,0.0,48.67171444075167,-6.287202418174968,48.67171444075167,-6.287202418174968,48.67171891936937,6.287202418174968
120,mp-4551,mp-13108,HfSrO3,train,train,train,0.00022532640200363945,9.283794872948914e-16,0.00022532640200363945,9.283794872948914e-16,0.00045065280409012105,7.044077811276244e-16,0.00045065280409012105,7.044077811276244e-16,15.127454652188195,13.995444626325911,15.127454652188195,13.995444626325913,15.127454660578898,13.995444626325913
121,mp-19845,mp-20459,PbTiO3,train,train,train,-0.011684379143122207,-4.597447213330834e-16,-0.011684379143122207,-4.597447213330834e-16,-0.005421457492104324,-6.015011707216056e-16,-0.005421457492104324,-6.015011707216056e-16,116.76333491714438,102.3010524252107,116.76333491714438,102.3010524252107,116.76333562762818,102.3010524252107
122,mp-540728,mp-559112,K4Zn12O14,train,train,train,1.2310316175855676e-12,-6.60785323355379e-14,1.2310316175855676e-12,-6.60785323355379e-14,3.922978189437279e-05,-5.2220989957831e-14,3.922978189437279e-05,-5.2220989957831e-14,-2.5348778518001436,-2.5031133940327828,-2.5348778518001436,-2.5031133940327828,2.534877852103704,2.5031133940327828
123,mp-676561,mp-22995,Ag9I3S3,train,test,train,-0.00917749395745613,-0.0005407825409855928,-0.00917749395745613,-0.0005407825409855928,0.004308964391864436,0.0002954356593827173,0.004308964391864435,0.0002954356593827173,-11.736841611655107,-11.538634068953264,-11.736841611655107,-11.538634068953266,11.736845990752725,11.5386340854079
124,mp-559091,mp-555891,O8Si4,test,train,test,-0.0005619943136045187,-7.297478738074827e-15,-0.0005619943136045187,-7.297478738074827e-15,0.03528286176064784,-0.8414755784828857,0.03528286176064784,-0.8414755784828857,4.380226735149042e-05,-1.4002839373407211e-15,4.3802267351490425e-05,-1.400283937340731e-15,0.035287364456248846,0.8414755784828857
125,mp-28421,mp-567594,Cs4Hg2I8,train,train,train,-1.4391514615266475e-08,-7.711176613059506e-15,-1.4391514615266475e-08,-7.711176613059506e-15,-0.3363772585042998,-0.027320096242514386,-0.3363772585042998,-0.027320096242514386,2.1542556443721685e-05,-6.008722763058921e-15,2.1542556443721685e-05,-6.008722763058921e-15,0.33637725919412337,0.027320096242514386
126,mp-655613,mp-646007,Cs4Tb12N4Te14,train,train,train,-0.15831322858198865,0.10819390824815825,-0.15831322858198865,0.10819390824815825,-1.2580645333388864e-13,-3.940342846469365e-18,-1.25806453978968e-13,-3.940342846469368e-18,-0.20016486988886123,0.09927223406826319,-0.20016486988886117,0.09927223406826319,0.25520394487875325,0.1468362974162551
127,mp-634101,mp-632326,Cl4H4,train,train,train,0.0001688869992687302,3.111801057710537e-17,0.0001688869992687302,3.111801057710537e-17,0.0016888699927453319,3.9653715950132604e-15,0.0016888699927453314,3.9653715950132604e-15,-33.5543038485149,-35.228586669036595,-33.55430384851489,-35.228586669036595,33.55430389144239,35.228586669036595
128,mp-567326,mp-25708,Bi8Mo4O24,train,valid,train,-0.007995001763255962,-6.2734298816519385e-15,-0.007995001763255962,-6.273429881651943e-15,0.0,4.929179001447715e-14,4.8295119427526413e-20,4.929179001447715e-14,7.709832880736622,5.3477610040635275,7.709832880736623,5.347761004063529,7.7098370260947,5.347761004063529
129,mp-550893,mp-685097,Hf4O8,train,train,train,-0.0009509429603646859,3.2397364881603054e-14,-0.0009509429603646856,3.2397364881603054e-14,0.000475471479528799,7.942003151627166e-15,0.000475471479528799,7.942003151627166e-15,53.422067103650434,56.11307781066853,53.422067103650434,56.113077810668536,53.42206711423001,56.113077810668536
130,mp-18074,mp-18511,Nd6F18,train,valid,train,5.099025757171876e-13,4.646852701665766e-14,5.099025757171876e-13,4.646852701665767e-14,-1.0198052237874818e-12,4.105167972610027e-14,-1.0198052237874818e-12,4.105167972610027e-14,17.586894623851123,-0.10637004010517671,17.586894623851123,-0.10637004010517671,17.586894623851123,0.10637004010517671
131,mp-632711,mp-504535,In2H2O4,test,train,test,0.007438691897431402,-5.978115648941132e-16,0.007438691897431402,-5.978115648941132e-16,0.002697952064043648,-1.451234854973727e-14,0.002697952064043648,-1.4512348549737257e-14,-13.158646735076877,-9.995624899590581,-13.158646735076877,-9.995624899590581,13.158649114237823,9.995624899590581
132,mp-22734,mp-669414,Hf8Pb8O24,valid,test,valid,-0.00019272099663362988,2.8754469059021693e-16,-0.00019272099663362988,2.8754469059021693e-16,2.757683579446792e-05,1.794200550039469e-15,2.757683579446791e-05,1.794200550039469e-15,-19.78349571837486,-16.497724488073736,-19.78349571837486,-16.497724488073736,19.783495719332777,16.497724488073736
133,mp-557687,mp-558579,Tl4C4H4O8,train,train,train,0.0,1.858670828806455e-15,0.0,1.858670828928421e-15,-7.385960487793373e-09,1.752997993114052e-14,-7.385960487793373e-09,1.752997993114052e-14,-0.7594168717933618,0.43687375162366077,-0.7594168717933618,0.43687375162366077,0.7594168717933618,0.43687375162366077
134,mp-32425,mp-765022,Li12V12O48P12,valid,train,valid,-0.001750334950960487,1.1376711145555536e-14,-0.001750334950960487,1.1376711145555536e-14,1.8021458931622874e-05,-1.2850421638659397e-14,1.8021458931622874e-05,-1.2850421638659397e-14,-0.1268530717813831,0.238955829171443,-0.12685307178138308,0.238955829171443,0.1268651481597143,0.238955829171443
135,mp-542903,mp-647557,Pb8Zr8O24,valid,train,valid,-7.90576251145148e-05,1.3298297975153332e-08,-7.90576251145148e-05,1.3298297975153332e-08,-2.6352540897024464e-05,6.337619157625274e-08,-2.6352540897024464e-05,6.337619157625274e-08,-23.52628963811646,-20.669544679830565,-23.526289638116456,-20.669544679830565,23.52628963826405,20.669544679830565
136,mp-3612,mp-3491,Nb4O16Sb4,train,train,train,3.754594994675485e-13,-2.5621008496863874e-14,3.7545949946754864e-13,-2.5621008496863868e-14,3.341497721631162e-13,1.7917192354659934e-14,3.341497721631163e-13,1.791719235465994e-14,-18.096170974068812,-17.16485062811021,-18.096170974068812,-17.16485062811021,18.096170974068812,17.16485062811021
137,mp-559607,mp-6706,Ti8Tl8O40P8,valid,train,valid,-1.736999366884778e-05,-7.413592136690027e-16,-1.736999366884778e-05,-7.413592136690027e-16,1.736999712908563e-05,1.4144389608035353e-14,1.7369997129085622e-05,1.4144389608035353e-14,-22.128197534923732,-23.03455940343758,-22.128197534923736,-23.03455940343758,22.12819753493737,23.03455940343758
138,mp-568001,mp-570828,Al8Hg16Cl32Sb8,train,train,train,-1.6265151361400907e-12,-2.2255004814030967e-15,-1.626515132604675e-12,-2.2255004814030967e-15,-1.416508498499163e-12,5.114121953726816e-15,-1.4165084981301056e-12,5.114121953726816e-15,-0.4936468022086757,-0.4870306274554596,-0.4936468022086757,-0.4870306274554596,0.4936468022086757,0.4870306274554596
139,mp-571190,mp-568031,Ga8Hg16Cl32Sb8,train,train,train,2.432666126014428e-12,7.371087686103725e-15,2.4326661260144277e-12,7.371087686103725e-15,-4.036935993773158e-13,2.015706055297875e-15,-4.036935993773158e-13,2.0157060552978744e-15,-0.5397238940700192,-0.4040050920695327,-0.5397238940700191,-0.4040050920695327,0.5397238940700191,0.4040050920695327
140,mp-24262,mp-757909,K16H32O64P16,valid,train,valid,0.5059139786248847,0.22040750692672217,0.5059139786248847,0.22040750692672223,3.820435893896081e-05,-8.744843850370925e-06,3.820435893896081e-05,-8.744843850370925e-06,0.13277333548966283,-0.017003549025921657,0.1327733354896628,-0.01700354902592166,0.5230465694798924,0.22106241169769755
141,mp-555882,mp-579331,Fe16K32F80,train,valid,train,-1.845074437031917e-12,2.476856657805669e-14,-1.845074437031917e-12,2.476856657805669e-14,-1.5613982256592572e-05,-2.168227876298949e-15,-1.5613982256592572e-05,-2.168227876298949e-15,0.5471683528735182,0.6074916358750629,0.5471683528735181,0.6074916358750629,0.5471683530962982,0.6074916358750629
142,mp-676561,mp-675879,Ag6I2S2,train,train,train,-0.0072066404246402035,5.3584495115882504e-05,-0.0072066404246402035,5.3584495115882504e-05,-0.6818174981229229,-2.051615466821311,-0.6818174981229229,-2.051615466821311,0.0001593863904255141,-0.00025524882414993424,0.0001593863904255141,-0.00025524882414993424,0.6818556018812441,2.051615483399286
143,mp-5026,mp-557803,Mg8O24Si8,train,train,train,3.66647653478923e-05,-6.734322151816547e-05,3.6664765347892294e-05,-6.734322151816549e-05,1.866429395351713e-12,8.782943467529652e-14,1.866429395351713e-12,8.782943467529652e-14,-1.1108532572820449,-1.420186654236385,-1.1108532572820449,-1.420186654236385,1.1108532578871224,1.4201866558330447
144,mp-23076,mp-571242,Co4Rb8Cl16,train,train,train,-4.766402628774163e-13,1.0390082364899676e-15,-4.766402618176882e-13,1.0390082364899676e-15,9.857107998406133e-13,8.936910980703477e-16,9.857107998406133e-13,8.936910980703477e-16,-0.07907740196305708,0.042244574470469844,-0.07907740196305703,0.042244574470469844,0.07907740196305703,0.042244574470469844
145,mp-761338,mp-765022,Li12V12O48P12,train,train,train,-9.665080132588267e-13,-2.890980750907187e-15,-9.665080143627628e-13,-2.890980750907187e-15,-1.7357217894944625e-12,4.398817794296825e-15,-1.7357217894944627e-12,4.398817794296822e-15,-0.1264381166583176,0.23838212229854294,-0.1264381166583176,0.23838212229854294,0.1264381166583176,0.23838212229854294
146,mp-608314,mp-616185,Rb8Zn4Cl16,train,test,train,-4.715357703431301e-13,-5.589193275414917e-15,-4.715357702589097e-13,-5.589193275414917e-15,-9.786290554691709e-13,7.452907690027998e-15,-9.786290564487165e-13,7.452907690027998e-15,-0.26628560873534374,-0.14687956091028348,-0.26628560873534374,-0.1468795609102835,0.26628560873534374,0.1468795609102835
147,mp-626577,mp-625600,Mo2H4O8,valid,train,valid,0.1414553854059755,-0.025300409761301525,0.14145538540597546,-0.025300409761301525,-0.20882105724166583,-0.35249106378514994,-0.20882105724166589,-0.3524910637851499,-0.055482132407434666,-0.5796391768649058,-0.055482132407434666,-0.5796391768649058,0.2582520610263474,0.6788752728882544
148,mp-706586,mp-698084,Cl4H16N4O16,test,valid,test,0.0,-7.36209014972499e-16,0.0,-7.36209014972499e-16,-4.128395505440009e-13,1.0907503507379653e-14,-4.128395505440009e-13,1.0907503507379653e-14,2.2035002130865715,1.5161981175929478,2.203500213086571,1.5161981175929478,2.203500213086571,1.5161981175929478
149,mp-14550,mp-5052,Cd4Ti4O12,test,train,test,6.96426023434491e-05,-6.814885097514032e-14,6.96426023434491e-05,-6.814885097672492e-14,0.00013928520431577627,-9.93260951308403e-14,0.00013928520431577627,-9.932609513930377e-14,34.83230976398974,34.90309402252317,34.83230976398974,34.90309402252317,34.83230976433784,34.90309402252317
150,mp-5803,mp-556918,Nb4O20P4,train,train,train,0.0,-1.5808848470347836e-14,-5.301157798121072e-21,-1.5808848470347836e-14,-0.000189140274874365,-1.9829920507594235e-14,-0.000189140274874365,-1.9829920507594235e-14,4.02032684685539,4.049969436887684,4.02032684685539,4.049969436887684,4.020326851304536,4.049969436887684
151,mp-18997,mp-780646,Li4Mn4O16P4,train,valid,train,-4.777265333978684e-05,-2.9507361108716027e-14,-4.777265333978684e-05,-2.9507361108716027e-14,4.777265194097073e-05,-3.1510884476890135e-14,4.777265194097073e-05,-3.1510884476890135e-14,-13.017072068155295,-13.375175185580318,-13.017072068155295,-13.375175185580318,13.01707206833062,13.375175185580318
152,mp-18673,mp-559752,Cs4Zn4O16P4,train,train,train,-3.2633694903518724e-05,-5.450674722986076e-15,-3.2633694903518724e-05,-5.450674722986076e-15,-0.00013053478319702966,-3.548662631393151e-15,-0.00013053478319702966,-3.548662631393151e-15,0.9624499497421622,0.7956386347837333,0.9624499497421622,0.7956386347837333,0.962449959147476,0.7956386347837333
153,mp-667338,mp-620058,Pb12N72,train,test,train,3.698175609945843e-05,3.1839919990230746e-15,3.698175609945843e-05,3.1839919990230746e-15,-8.297706694059188e-13,-5.44918363955504e-15,-8.297706635664585e-13,-5.44918363955504e-15,-0.42946024720854664,-0.3693562948368194,-0.42946024720854664,-0.3693562948368194,0.4294602488008364,0.3693562948368194
154,mp-560826,mp-556218,O48Si24,train,valid,train,-2.978655760840298e-12,-1.8352717122376493e-14,-2.978655760840298e-12,-1.8352717123811784e-14,0.0,3.206405393013224e-14,-1.9128986530890823e-21,3.206405393013224e-14,-0.009069578883008664,0.011376574359615567,-0.009069578883008664,0.01137657435961556,0.009069578883008664,0.01137657435961556
155,mp-546551,mp-13274,Na8C2O8,train,train,train,-1.1744769441394962e-05,1.5835088458767455e-14,-1.1744769441394962e-05,1.5835088458767455e-14,39.17348767812026,40.54923248260118,39.17348767812026,40.54923248260118,6.199497743042965e-06,-2.975030223744482e-14,6.199497743042972e-06,-2.975030223744482e-14,39.17348767812251,40.54923248260118
156,mp-571555,mp-571636,In4Cl4,train,train,train,0.00193738790702086,1.0571569793959999e-16,0.00193738790702086,1.0571569793960002e-16,-5.70632500796963e-13,5.8918813805908075e-15,-5.706325288631465e-13,5.8918813805908075e-15,-3.812813304928534,-1.2628452609546363,-3.812813304928534,-1.2628452609546363,3.812813797146663,1.2628452609546363
157,mp-10064,mp-554089,O8Si4,valid,test,valid,-1.595015365043604e-13,1.5456123545690245e-14,-1.595015326947035e-13,1.5456123545690245e-14,2.209271864631762e-13,-3.055049368286672e-14,2.2092719315161676e-13,-3.055049368286672e-14,-89.93015048455727,-92.99591737691797,-89.93015048455727,-92.99591737691797,89.93015048455727,92.99591737691797
158,mp-504466,mp-637188,Ag16W8O32,train,train,train,-3.309401034277726e-13,-4.3328960845643095e-14,-3.3094010342777275e-13,-4.3328960845643095e-14,-6.194814656057374e-13,9.625639268643034e-14,-6.194814656057373e-13,9.625639268643034e-14,-1.014265611806238,-0.6997197418429477,-1.014265611806238,-0.6997197418429477,1.014265611806238,0.6997197418429477
159,mp-626876,mp-626885,U4H8O16,train,train,train,0.00031218986760216783,3.058228133819125e-16,0.00031218986760216783,3.058228133819125e-16,-7.681571666543061e-13,4.985011014057139e-14,-7.681571666543065e-13,4.985011014057139e-14,2.853749022502303,2.0772885038547897,2.8537490225023032,2.0772885038547892,2.8537490395785268,2.0772885038547892
160,mp-560826,mp-16964,O48Si24,train,train,train,5.028719124917417e-13,7.416539392735426e-14,5.028719124917417e-13,7.416539392735426e-14,1.8973173785604866e-12,9.597582276786165e-14,1.8973173785604858e-12,9.597582276786165e-14,0.16025186822769838,-1.0940459557144397,0.16025186822769838,-1.0940459557144397,0.16025186822769838,1.0940459557144397
161,mp-626864,mp-626885,U4H8O16,train,train,train,0.0003121898677553191,3.95352562532723e-16,0.00031218986775531903,3.95352562532723e-16,0.0004163866254319845,-0.0003122617783897968,0.0004163866254319845,-0.0003122617783897968,2.853405453651057,2.077064475777778,2.853405453651057,2.0770644757777785,2.8534055011101964,2.0770644992501883
162,mp-768479,mp-769007,Sc6Y6O18,train,train,train,0.000282603919785896,-1.4618939245984902e-14,0.000282603919785896,-1.4618939245984902e-14,-0.00013468773041311433,-2.5709783039112894e-14,-0.0001346877304131143,-2.5709783039112894e-14,6.562025560716193,-15.010398444200373,6.562025560716193,-15.010398444200373,6.562025568183838,15.010398444200373
163,mp-626361,mp-625452,Pr2H6O6,train,valid,train,0.15626792024411884,0.26041478399325385,0.1562679202441188,0.2604147839932539,-2.2818367144143164e-13,7.2191563858853595e-16,-2.2818367144143164e-13,7.2191563858853595e-16,0.032606041448776976,0.11981794193046559,0.032606041448776976,0.1198179419304656,0.15963338258767068,0.2866569359542963
164,mp-755342,mp-768505,Ga6Lu6O18,train,train,train,0.0002509131595480429,4.1642842195147426e-14,0.0002509131595480429,4.1642842195147426e-14,-0.00020338556323321817,-5.0600889287831626e-14,-0.00020338556323321817,-5.0600889287831626e-14,8.049018994049701,-14.265923955445798,8.049018994049701,-14.265923955445798,8.049019000530187,14.265923955445798
165,mp-558189,mp-675879,Ag6I2S2,train,train,train,-0.004533555884790978,5.35844950502117e-05,-0.004533555884790978,5.35844950502117e-05,-0.6859547329062488,-2.0287608174066163,-0.6859547329062488,-2.0287608174066167,0.0021681328879497256,-0.00025524882417639875,0.0021681328879497256,-0.00025524882417639875,0.6859731405278661,2.028760834171348
166,mp-766293,mp-849760,Ag4Al44O68,train,train,train,-9.745967444206038e-05,-7.296423941010612e-05,-9.745967444206038e-05,-7.296423941010611e-05,-1.2676710730376611e-05,8.491802184793056e-05,-1.2676710730376614e-05,8.491802184793053e-05,2.3879534806516096,1.4352197134456697,2.3879534806516096,1.4352197134456697,2.387953482674071,1.435219717812545
167,mp-559175,mp-32662,W6O18,train,train,train,0.0009552262643137801,2.942667975287916e-14,0.0009552262643137801,2.942667975287916e-14,0.0006371318072509563,-1.7063044524436686e-15,0.0006371318072509563,-1.7063044524436662e-15,-21.032202331434153,-15.553334874035244,-21.032202331434153,-15.553334874035244,21.032202362776427,15.553334874035244
168,mp-561189,mp-555837,Rb12O46Si20,train,train,train,1.2261140430824821e-05,9.667197361670457e-14,1.2261140430824818e-05,9.667197361670457e-14,-2.9099623204465206e-12,-6.82559920321998e-14,-2.9099623204465206e-12,-6.825599203219977e-14,-0.546235150471329,-0.17110950608227268,-0.5462351504713289,-0.17110950608227268,0.5462351506089396,0.17110950608227268
169,mp-715590,mp-32662,W6O18,train,train,train,0.0009552262656717035,3.609614750629291e-14,0.0009552262656717035,3.609614750629291e-14,0.0006371318077035975,-1.2643702681863945e-14,0.0006371318077035975,-1.2643702681863945e-14,-21.0322380582314,-15.553334874035281,-21.0322380582314,-15.553334874035281,21.03223808957362,15.553334874035281
170,mp-626109,mp-626448,H16O20S4,train,train,train,0.07423163957633003,0.2863108942038181,0.07423163957633003,0.2863108942038181,3.975556711220445e-05,-1.5308397194614594e-05,3.975556711220445e-05,-1.5308397194614597e-05,1.0493068793776674,0.9847798284346283,1.0493068793776674,0.9847798284346283,1.0519293060866752,1.0255560632485543
171,mp-32324,mp-763061,Li4Ni4O16P4,train,train,train,-5.5815785754217714e-05,2.035430756194362e-14,-5.581578575421769e-05,2.0354307561943624e-14,-1.916548786356965e-12,2.580411614691472e-14,-1.916548793988219e-12,2.580411614691472e-14,7.1983278999153235,6.5191798017251275,7.198327899915325,6.5191798017251275,7.198327900131723,6.5191798017251275
172,mp-655591,mp-638070,Li4B52C8,valid,train,valid,-1.045214491052524e-12,-3.964515400300186e-15,-1.0452144910525235e-12,-3.964515400300186e-15,9.973402661633554e-13,5.363644788038098e-16,9.973402661633558e-13,5.363644788038105e-16,0.7817034283636435,0.8814748653158063,0.7817034283636435,0.8814748653158063,0.7817034283636435,0.8814748653158063
173,mp-23902,mp-626450,H12O16P4,train,train,train,-3.4012958998795733,-3.4031185243513997,-3.4012958998795733,-3.403118524351399,-1.0423220299004695e-12,-1.501212660801612e-14,-1.0423220299004695e-12,-1.501212660801612e-14,-2.550997214203487,-3.1459553799413356,-2.550997214203487,-3.1459553799413356,4.2516350484738865,4.634463393249047
174,mp-541661,mp-681439,Li4Zr8O48P12,train,valid,train,-3.640953320792921e-05,6.966374340456276e-15,-3.640953320792921e-05,6.966374340456276e-15,8.022822549221411,8.143185237112146,8.02282254922141,8.143185237112146,-5.432741617362386e-06,2.1828525553445393e-14,-5.4327416173623854e-06,2.1828525553445393e-14,8.022822549305866,8.143185237112146
175,mp-555769,mp-555313,Bi8Sc8O24,valid,test,valid,-4.930389022787899,-4.259255154236193,-4.930389022787899,-4.259255154236193,-4.743175689485921e-13,-4.823882647227371e-15,-4.743175689485921e-13,-4.823882647227369e-15,1.6452297181399138,0.5230479049656653,1.6452297181399138,0.5230479049656652,5.197645307394316,4.291250817626086
176,mp-23080,mp-551918,Al6Bi6O18,train,train,train,-0.0775404411481648,2.402554794149705e-06,-0.07754044114816482,2.402554794149747e-06,0.05145519602582264,-4.124908388209627e-06,0.05145519602582264,-4.12490838820963e-06,80.34155490243013,52.1094478419111,80.34155490243013,52.1094478419111,80.34160879828961,52.10944784191131
177,mp-625174,mp-625256,H20I4O24,train,train,train,-33.77894261437624,-28.81513440993995,-33.77894261437624,-28.81513440993995,0.0,4.69392988330509e-06,6.544428551291444e-21,4.69392988330509e-06,-20.373842288647097,-22.604183271199247,-20.373842288647097,-22.604183271199247,39.44756537161689,36.623231321401605
178,mp-23335,mp-622198,Bi16Ti12O48,test,train,test,-1.2163329820069986e-11,-1.1424675894359787e-15,-1.216332982008859e-11,-1.1424675894359787e-15,0.00308913881278807,-1.2988939246218635e-14,0.0030891388127880703,-1.2988939246218635e-14,-11.461587516885595,-10.206718862566165,-11.461587516885595,-10.206718862566165,11.461587933179517,10.206718862566165
179,mp-542833,mp-559949,Zn24B16O48,valid,train,valid,0.02208799852641734,-0.11468478121199145,0.02208799852641734,-0.11468478121199148,-1.3488781045831975e-12,3.440384834160269e-16,-1.3488781048687767e-12,3.440384834160269e-16,0.06476024159614935,0.3417061695631277,0.06476024159614935,0.3417061695631277,0.06842345044277325,0.36043821295632256
180,mp-625830,mp-625857,Zn4H8O8,train,train,train,0.00014544902419606252,8.125731298431537e-15,0.00014544902419606252,8.125731298431537e-15,-0.5565077413581747,-1.1887866867359977,-0.5565077413581748,-1.1887866867359977,0.00022999675572752654,5.47543972212366e-14,0.00022999675572752654,5.47543972212366e-14,0.5565078078926687,1.1887866867359977
181,mp-626464,mp-626450,H12O16P4,train,train,train,-3.4012709521865423,-3.403118248603587,-3.4012709521865423,-3.403118248603587,-5.211610149502347e-13,4.684983760387291e-15,-5.211610149502347e-13,4.684983760387291e-15,-2.550948773833795,-3.1459550145551782,-2.550948773833795,-3.1459550145551782,4.251586026050995,4.634462942734963
182,mvc-14413,mvc-14734,O18Te6,train,train,train,0.0,1.6097267946985782e-15,0.0,1.6097267946985788e-15,-3.5714631704402677e-13,-6.7470733217028316e-15,-3.5714631704402677e-13,-6.7470733217028316e-15,-0.020950955484787932,1.7049605272590278,-0.020950955484787915,1.7049605272590276,0.020950955484787915,1.7049605272590276
183,mp-9911,mp-9781,K12S16Sb4,train,train,train,-3.3749225834816974e-07,-7.123963557583902e-15,-3.3749225834816974e-07,-7.123963557583902e-15,1.625760242229598e-05,-1.3709443898854272e-14,1.625760242229598e-05,-1.3709443898854272e-14,1.033054566981512,0.876896744468505,1.0330545669815119,0.876896744468505,1.0330545671094933,0.876896744468505
184,mp-558712,mp-561113,Ag8Bi4O12,train,valid,train,-14.694593580309306,-14.67866419039405,-14.69459358030931,-14.67866419039405,-2.64613344858854,-7.453597501207766e-15,-2.64613344858854,-7.453597501207766e-15,-14.193969497381909,-27.53351581149955,-14.193969497381909,-27.533515811499544,20.60101630528976,31.201885766031065
185,mp-6319,mp-19931,Al4Mg4Na8F28,train,train,train,0.0,-5.613074351712489e-15,0.0,-5.613074351712487e-15,-1.886375050007898e-12,2.0693288105643975e-15,-1.886375050007898e-12,2.0693288105643975e-15,-1.0533859394506653,-0.8684599696039702,-1.0533859394506653,-0.8684599696039702,1.0533859394506653,0.8684599696039702
186,mp-561189,mp-27376,Rb12O46Si20,train,train,train,-1.2459275406084808e-05,-5.870326113010396e-14,-1.2459275406084808e-05,-5.870326113010396e-14,0.0,-2.2579775025513997e-07,0.0,-2.2579775025513997e-07,0.09623742211266344,1.090616749834275,0.09623742211266344,1.090616749834275,0.09623742291917685,1.0906167498342982
187,mp-765913,mp-762593,Fe12Li12O48P12,train,valid,train,-0.010325366329059378,0.011221632003134821,-0.010325366329060543,0.011221632003134821,-0.0004947622602676561,0.00010717970126485293,-0.0004947622602677169,0.00010717970126485295,5.1764297208078665,6.082425978264452,5.176429720807867,6.082425978264453,5.1764400423884505,6.082436330745978
188,mp-23335,mp-723064,Bi8Ti6O24,train,train,train,0.6233750546645781,4.969884898977104,0.6233750546645781,4.969884898977104,-0.0029302344047731823,-1.1032359079396335e-14,-0.0029302344047731827,-1.1032359079396335e-14,58.14666618851832,54.02017996301351,58.14666618851832,54.02017996301351,58.150007686018675,54.248314251647
189,mp-551736,mp-545387,K12C3O12,train,train,train,-0.02585881210163891,-1.0334865391078111e-06,-0.02585881210163891,-1.0334865391078111e-06,0.025782490115967584,3.1552510651836883e-06,0.025782490115967584,3.1552510651836883e-06,-2.5818363326698703,-2.006952719580447,-2.58183633266987,-2.006952719580447,2.582094549712324,2.006952719583193
190,mp-642831,mp-23667,Rb8H16O32P8,train,train,train,2.23580670126689e-12,2.1916315679929475e-15,2.2358066992858762e-12,2.1916315679929475e-15,-1.130023706338686e-12,-2.102924225123544e-15,-1.1300237061115397e-12,-2.102924225123544e-15,-5.448779257980902,-5.982859817599016,-5.448779257980902,-5.982859817599016,5.448779257980902,5.982859817599016
191,mp-558958,mp-557082,H24O12,train,train,train,3.475672719626853e-13,8.45778224733226e-15,3.475672719626853e-13,8.457782247332264e-15,-13.473425219329325,-13.155503495432367,-13.473425219329325,-13.155503495432367,0.0,-3.6500512612570446e-14,0.0,-3.6500512612570446e-14,13.473425219329325,13.155503495432367
192,mp-27425,mp-625184,Sr4H8O8,test,valid,test,0.0,-3.3354958674740716e-16,0.0,-3.3354958674740716e-16,2.848243103361988e-13,1.6187147201390554e-14,2.8482430243498526e-13,1.6187147201390554e-14,-1.1654561444349374,-0.6447467145058282,-1.1654561444349374,-0.6447467145058282,1.1654561444349374,0.6447467145058282
193,mp-549869,mp-605843,K8C2O8,train,train,train,-8.340943980445804,-6.906424933127163,-8.340943980445804,-6.906424933127165,5.242931224259243e-05,-1.1547415453455877e-14,5.242931224259243e-05,-1.1547415453455877e-14,2.6778805634659983,3.6589866875340253,2.677880563465998,3.6589866875340253,8.760273443213567,7.8158101906630115
194,mp-23037,mp-675524,Cs4Pb4Cl12,train,valid,train,0.0,-1.3925489123863706e-17,0.0,-1.3925489123863706e-17,6.938619042360803e-13,-7.591843063748907e-15,6.938619042360803e-13,-7.591843063748905e-15,2.2580546205887417,1.6959785633526847,2.2580546205887417,1.6959785633526847,2.2580546205887417,1.6959785633526847
195,mp-32324,mp-868169,Li12Ni12O48P12,train,train,train,5.805443137078538e-05,8.019792960993885e-15,5.8054431370785375e-05,8.019792960993889e-15,5.812985871363941e-05,3.094738944064948e-14,5.812985871363941e-05,3.094738944064947e-14,0.20044774548672992,-0.6037348866959404,0.20044774548672992,-0.6037348866959404,0.2004477623225321,0.6037348866959404
196,mp-626577,mp-626586,Mo2H4O8,train,train,train,16.234551251472215,14.854725116929409,16.234551251472215,14.854725116929409,-4.870838428741786,-7.934738897364058,-4.870838428741786,-7.934738897364056,3.5361635785194423,2.9876225848766707,3.5361635785194423,2.9876225848766707,17.314449866791417,17.104058827615763
197,mp-551740,mp-550498,Li8C2O8,train,test,train,2.886220997337721e-06,4.914448939063736e-15,2.886220997337721e-06,4.914448939063736e-15,0.07098056604019837,0.09326364333330923,0.07098056604019838,0.09326364333330923,8.831564003029636e-05,1.328153134972813e-14,8.831564003029636e-05,1.328153134972813e-14,0.07098062104102436,0.09326364333330923
198,mp-315,mp-685150,Pb4F8,train,train,train,-7.399548915014278e-05,1.2780116045770946e-14,-7.399548915014277e-05,1.2780116045770942e-14,-7.399548927583359e-05,2.6351430424912657e-14,-7.399548927583359e-05,2.6351430424912657e-14,-5.016909942603295,-5.032942765414038,-5.016909942603295,-5.032942765414038,5.016909943694671,5.032942765414038
199,mp-2998,mp-5020,Ba3Ti3O9,train,test,train,0.19207330798014483,-7.078262660258473e-05,0.19207330798014483,-7.078262660258473e-05,-0.21497203485009694,-4.285239821209518e-06,-0.214972034850097,-4.285239821209538e-06,-49.92410164340913,-50.497705271245444,-49.92410164340913,-50.497705271245444,49.92493395121171,50.49770527129523
200,mp-625394,mp-625733,La2H6O6,train,train,train,0.0003612767415273861,-3.2734013264461844e-14,0.0003612767415273861,-3.2734013264461844e-14,-0.00038708929338672954,3.0932849481709845e-14,-0.00038708929338672954,3.0932849481709845e-14,-17.909113351698707,-18.15660925598526,-17.909113351698707,-18.15660925598526,17.90911335952598,18.15660925598526
201,mp-696752,mp-23959,K8H16O32P8,test,train,test,-1.1945887226652724e-12,2.485692427562337e-14,-1.194588722818816e-12,2.485692427562337e-14,0.0,6.359855707263893e-14,0.0,6.359855707263893e-14,5.198006411140735,6.344216347820675,5.198006411140735,6.344216347820675,5.198006411140735,6.344216347820675
202,mp-20878,mp-550714,Pb4O4,test,train,test,0.0050692979566692815,-5.083919108445693e-16,0.0050692979566692815,-5.083919108445693e-16,0.009021631956392906,2.635284641428253e-14,0.009021631956392905,2.635284641428253e-14,-54.297267939024096,-50.364090705296256,-54.297267939024096,-50.364090705296256,54.2972689251476,50.364090705296256
203,mp-4419,mp-4681,Na4Nb4O12,test,train,test,-0.00012739919785709905,7.007824104089744e-14,-0.00012739919785709905,7.007824104089744e-14,0.021530464163957066,7.709018003006752e-14,0.021530464163957066,7.709018003006752e-14,-53.9251803026242,-53.35353825223503,-53.9251803026242,-53.35353825223503,53.92518460096031,53.35353825223503
204,mp-935811,mp-7375,K3Nb3O9,train,train,train,0.18006745272921934,0.00047526702041418106,0.18006745272921937,0.00047526702041418106,-0.22164630423647333,1.4050992781843155e-05,-0.22164630423647333,1.4050992781843152e-05,-50.74355657444379,-9.644643323121835,-50.74355657444379,-9.644643323121835,50.74436013189536,9.644643334842133
205,mp-14550,mp-20940,Cd4Ti4O12,train,train,train,-6.976000304507314e-05,-8.477346433260288e-14,-6.976000304507313e-05,-8.477346433260286e-14,-0.008999040461717359,-1.9116214235832765e-14,-0.008999040461717359,-1.9116214235832765e-14,37.19308067765975,37.78864401261959,37.19308067765975,37.788644012619585,37.1930817664052,37.788644012619585
206,mp-10948,mp-553881,O8Si4,train,train,train,-106.92265845395231,-91.67451763383643,-106.92265845395231,-91.67451763383642,0.0006137709359259065,1.774763342749922e-13,0.0006137709359259066,1.774763342749922e-13,-308.56822086073856,-310.2980807394457,-308.56822086073856,-310.2980807394457,326.56821923818427,323.556975035279
207,mp-23101,mp-583454,Bi8Nb8Pb4O36,train,train,train,-1.4125653556760843e-12,4.208360631519441e-14,-1.412565355153892e-12,4.20836063151944e-14,-0.01591652925465701,1.8803609398447944e-14,-0.01591652925465701,1.8803609398447944e-14,-38.054317174924215,-39.68561223809146,-38.054317174924215,-39.68561223809146,38.05432050353331,39.68561223809146
208,mp-23711,mp-569051,Mg4H8,valid,train,valid,0.00014763834156126252,-1.7758188743937185e-14,0.00014763834156126252,-1.7758188743937185e-14,0.00014763834099457216,3.948148247262496e-15,0.0001476383409945722,3.948148247262496e-15,30.936253747366525,19.060478473939863,30.936253747366525,19.060478473939863,30.936253748071106,19.060478473939863
209,mp-3671,mp-558920,Na8Nb8O24,train,train,train,3.1706854780274066e-05,2.739355166992552e-14,3.170685478027407e-05,2.739355166992552e-14,-0.00015012486709180977,3.845055623801786e-05,-0.00015012486709180977,3.845055623801786e-05,31.481270535245496,30.86594556432191,31.481270535245496,30.86594556432191,31.481270535619412,30.865945564345857
210,mp-619456,mp-4202,Al16Ba8O32,train,train,train,5.599876410307173e-13,-1.7676920473373318e-09,5.599876343674699e-13,-1.7676920473373318e-09,-2.7999381191799557e-13,8.0172530905989e-10,-2.7999380128026155e-13,8.0172530905989e-10,0.3211707692606876,0.399046137710172,0.32117076926068766,0.399046137710172,0.32117076926068766,0.399046137710172
211,mp-2998,mp-5777,Ba2Ti2O6,test,train,test,-0.000944867779112095,-2.858854545677597e-16,-0.000944867779112095,-2.858854545677597e-16,-0.008799081189710312,-5.468584702781454e-14,-0.008799081189710312,-5.468584702781454e-14,49.876018955422985,48.00782987617148,49.876018955422985,48.00782987617148,49.87601974053581,48.00782987617148
212,mp-552588,mp-3731,Li6Nb6O18,test,train,test,0.1613355614469517,4.315489362731255e-09,0.1613355614469517,4.315489362731255e-09,-0.19679491638094113,1.2779697627754067e-06,-0.19679491638094113,1.277969762775388e-06,84.52940559842219,118.65428232136874,84.52940559842219,118.65428232136874,84.52978864415236,118.65428232136875
213,mp-771049,mp-761299,Co4Li8B4O16,train,train,train,-5.4291839462967203e-05,2.8293613895778713e-05,-5.4291839462967203e-05,2.8293613895778713e-05,0.0005429184212049778,-4.9477266841702e-15,0.0005429184212049773,-4.9477266841702046e-15,-5.298218050553272,-5.372750979077669,-5.298218050553271,-5.37275097907767,5.298218078648379,5.372750979152169
214,mp-24076,mp-625677,Y2H6O6,train,train,train,0.00013118297695482493,2.9050344733703473e-15,0.00013118297695482493,2.9050344733703473e-15,0.0,-2.0381824761394217e-14,-3.94967034319123e-28,-2.0381824761394217e-14,7.734751257454588,6.422622734764078,7.734751257454588,6.422622734764078,7.734751258567033,6.422622734764078
215,mp-762566,mp-764344,Fe2Li4O8Si2,train,valid,train,0.00027852183348879507,1.7981527251226676e-14,0.0002785218334887951,1.7981527251226676e-14,-76.08479943766893,-50.585390766902805,-76.08479943766893,-50.585390766902805,5.817695089788789e-05,2.960556679684748e-14,5.817695089788783e-05,2.960556679684748e-14,76.08479943820096,50.585390766902805
216,mp-554675,mp-559951,Bi8Sr4Ta8O36,train,train,train,0.005874036171050346,-9.932504828020196e-15,0.005874036171050346,-9.932504828020196e-15,-2.0259696736886363e-05,5.2750597370557347e-14,-2.0259696736886363e-05,5.275059737055735e-14,-38.27998046499347,-33.92975320448328,-38.27998046499348,-33.92975320448328,38.2799809156822,33.92975320448328
217,mp-546202,mp-550593,Li12C3O12,test,train,test,-0.00786950402672766,-0.0005548947348888942,-0.00786950402672766,-0.0005548947348888942,0.00466903107172845,0.00021291707653272167,0.00466903107172845,0.00021291707653272167,16.64125907544601,18.737499594160195,16.64125907544601,18.737499594160195,16.641261591149238,18.73749960358626
218,mvc-13972,mvc-3494,Al6Bi6O18,train,train,train,0.0001685042345483849,-2.074690802356332e-14,0.0001685042345483849,-2.074690802356332e-14,-0.00013604815805914688,2.3110217559897903e-14,-0.0001360481580591469,2.3110217559897903e-14,-4.827182626532279,15.497900891145093,-4.827182626532279,15.497900891145093,4.827182631390473,15.497900891145093
219,mp-546320,mp-551690,Rb12C3O12,test,train,test,0.01746940548019178,-0.0005385324918616033,0.01746940548019178,-0.0005385324918616033,-0.019064566027211054,0.00016622237416104332,-0.019064566027211054,0.00016622237416104332,-42.78463478580234,-47.295683486829944,-42.78463478580234,-47.295683486829944,42.78464259979617,47.29568349018804
220,mp-556225,mp-560025,Ag4S2,valid,train,valid,0.001033415153484933,-2.7831861912436547e-15,0.0010334151534849333,-2.7831861912436547e-15,-21.0577505845626,12.652654197757128,-21.0577505845626,12.652654197757128,-0.0012788327673737014,5.668545656667697e-15,-0.0012788327673737014,5.668545656667697e-15,21.057750648751796,12.652654197757128
221,mp-32791,mp-560025,Ag4S2,train,train,train,0.01940862267515037,-2.4837917519529316e-14,0.01940862267515037,-2.4837917519529316e-14,17.61859587231134,12.65265419775707,17.618595872311335,12.65265419775707,-0.002404277436431526,2.1476729019946246e-14,-0.002404277436431526,2.1476729019946246e-14,17.618606726611787,12.65265419775707
222,mp-36216,mp-560025,Ag4S2,train,train,train,0.0010334151536758515,-1.3979789252581041e-15,0.0010334151536758515,-1.3979789252581041e-15,60.84533105674629,94.55576869736097,60.84533105674629,94.55576869736097,-0.0012788327673737014,-1.0197821517803807e-13,-0.001278832767373701,-1.0197821517803807e-13,60.84533107896131,94.55576869736097
223,mp-770125,mp-770427,Ba4La4Cl20,train,train,train,1.7399864038175972e-05,5.060619353378668e-14,1.7399864038175972e-05,5.060619353378668e-14,-26.123397517702244,-24.980290688652886,-26.123397517702244,-24.98029068865289,-3.655482928397201e-05,7.476477298264457e-15,-3.655482928397201e-05,7.476477298264457e-15,26.123397517733615,24.98029068865289
224,mp-570223,mp-642739,Cs2Br6Ge2,train,test,train,-15.712435486632346,-14.817779281898215,-15.712435486632348,-14.817779281898215,-0.0005840236019399799,-3.6861681033881787e-16,-0.0005840236019399799,-3.6861681033881787e-16,10.427303500279338,10.8524495965187,10.42730350027934,10.8524495965187,18.85760556246749,18.366879024266233
225,mp-690733,mp-625475,H8O16S4,test,train,test,-5.2812092262951106e-05,9.501174901789464e-15,-5.2812092262951106e-05,9.501174901789464e-15,-20.39751958856901,-19.188000684780285,-20.39751958856901,-19.188000684780285,7.17485299078191e-05,-4.267108180047458e-14,7.174852990781911e-05,-4.267108180047458e-14,20.39751958876357,19.188000684780285
226,mp-765871,mp-765846,Li4Mn4O16P4,train,train,train,11.95025047870561,10.736127694202022,11.950250478705609,10.736127694202022,1.0943899351144623e-12,2.2145051984191887e-14,1.0943899327448e-12,2.2145051984191887e-14,-30.550445360878335,-29.550501750743443,-30.550445360878335,-29.550501750743443,32.80454539011044,31.440365640159197
227,mp-549687,mp-551561,K8C2O8,train,train,train,-0.00044872691512484703,7.912237637075404e-15,-0.00044872691512484703,7.912237637075404e-15,16.64082518201109,14.54991293412628,16.64082518201109,14.54991293412628,8.553375798800396e-06,-2.8619965068447577e-15,8.553375798800393e-06,-2.8619965068447577e-15,16.640825188063342,14.54991293412628
228,mp-779986,mvc-13134,Cr4O12,test,train,test,-0.001357335484134848,-2.2602879978050753e-05,-0.001357335484134848,-2.2602879978050756e-05,78.16601521679122,67.50931070023103,78.16601521679122,67.50931070023103,0.00042696560337220497,6.318404193066971e-06,0.0004269656033722049,6.31840419306697e-06,78.16601522974224,67.5093107002351
229,mp-767686,mp-764791,Li8Mn4O24Si8,train,valid,train,4.380375191974254,4.286821039294144,4.380375191974254,4.286821039294144,1.247671778413459e-12,1.3133624406192237e-13,1.247671778413459e-12,1.3133624406192237e-13,-2.2477482453859614,-1.841305550689053,-2.2477482453859614,-1.8413055506890532,4.923419441516145,4.665537563232477
230,mp-634101,mp-684609,Cl2H2,valid,train,valid,0.0004511350500438066,-1.1081854915878679e-18,0.0004511350500438066,-1.1081854915878679e-18,0.00015037835004843008,1.9844070830887342e-16,0.00015037835004843008,1.9844070830887342e-16,-57.366709469618655,-58.405903939382924,-57.366709469618655,-58.405903939382924,57.36670947158963,58.405903939382924
231,mp-865188,mp-989229,Mg2Cl4H16O24,train,train,train,3.2258937507679843e-06,-1.9639916260887142e-14,3.2258937507679847e-06,-1.9639916260887142e-14,-1.008688367439738,-1.0124981428956041,-1.008688367439738,-1.0124981428956041,4.189223742013833e-06,7.275883495769766e-15,4.189223742013833e-06,7.275883495769766e-15,1.0086883674535956,1.0124981428956041
232,mp-3943,mp-555966,Ba6Ti12O30,train,train,train,2.5952215461405683e-05,3.4072788692203386e-15,2.5952215461405683e-05,3.4072788692203386e-15,-15.310260814254978,-15.118339397187064,-15.310260814254978,-15.118339397187064,5.6392647839902076e-05,-9.50808622009875e-15,5.639264783990206e-05,-9.50808622009875e-15,15.310260814380829,15.118339397187064
233,mp-654937,mp-600237,Ag16C32O32,train,train,train,2.545966842311657e-12,-3.597584335648845e-15,2.5459668423116572e-12,-3.597584335648845e-15,0.004571590384809191,0.482020529518877,0.00457159038480919,0.482020529518877,1.8464768944214942e-12,-3.0943922313249874e-14,1.8464768944214942e-12,-3.0943922313249874e-14,0.00457159038480919,0.482020529518877
234,mp-549869,mp-551561,K8C2O8,valid,train,valid,-0.0002292722351923729,1.169865864278716e-14,-0.0002292722351923729,1.169865864278716e-14,16.653438912837608,14.492200614752042,16.653438912837608,14.492200614752042,0.00022289617138839427,-3.498525594658992e-15,0.00022289617138839427,-3.498525594658992e-15,16.653438915907497,14.492200614752042
235,mp-625812,mp-625836,Sr4H16O24,train,train,train,5.161819386624147,4.4559712857441385,5.161819386624148,4.4559712857441385,-9.40594113782012e-13,4.3046707146560594e-07,-9.405941109083866e-13,4.304670714656059e-07,5.961309280362293,4.214008118957636,5.961309280362293,4.2140081189576355,7.885530274893534,6.132988221578232
236,mp-625191,mp-625184,Sr4H8O8,train,train,train,0.0,-7.421321555478857e-17,0.0,-7.421321555478857e-17,0.0,2.453833561656837e-14,0.0,2.453833561656837e-14,-1.1653750630709296,-0.6447470613871886,-1.1653750630709296,-0.6447470613871886,1.1653750630709296,0.6447470613871886
237,mp-2998,mp-12992,BaTiO3,valid,train,valid,-0.005692049518306964,2.304529220029716e-15,-0.005692049518306964,2.304529220029716e-15,-0.004031868408839379,1.2677868788275563e-15,-0.004031868408839379,1.2677868788275563e-15,46.69829092881335,36.957368065036306,46.69829092881335,36.957368065036306,46.69829144976807,36.957368065036306
238,mp-23940,mp-626000,Na2H2O2,test,train,test,-0.0002486527871451981,-4.570070404333904e-14,-0.0002486527871451981,-4.570070404333903e-14,10.704547288389552,10.476681481456321,10.704547288389552,10.47668148145632,-0.0003068706754330652,-2.365137933844137e-14,-0.0003068706754330652,-2.365137933844137e-14,10.704547295676074,10.47668148145632
239,mp-12924,mp-861938,K2La2S8Si2,train,train,train,4.4649487214303934e-05,-3.999275930987831e-15,4.464948721430393e-05,-3.999275930987831e-15,-7.4255588399983,-5.712343323916231,-7.4255588399983,-5.7123433239162305,-0.00011424470848772874,2.8661928901835143e-15,-0.00011424470848772876,2.8661928901835143e-15,7.425558841011384,5.7123433239162305
240,mp-556290,mp-561022,Mg12Sr12F48,train,train,train,-6.954373038520974e-13,3.651312868678295e-05,-6.954373038520974e-13,3.651312868678295e-05,-10.748699298474476,-10.893172933669149,-10.748699298474476,-10.893172933669147,-7.195919365105031e-13,1.7215024566581489e-07,-7.195919365105034e-13,1.7215024566581504e-07,10.748699298474476,10.893172933730343
241,mp-763828,mp-765128,Co4Li8C8O24,train,train,train,-9.749896315161474e-13,4.9996993258303965e-15,-9.749896315161474e-13,4.9996993258303965e-15,-1.2312861460049422,0.1736955880864592,-1.2312861460049422,0.17369558808645924,6.637857784274e-13,-1.4377825012960806e-14,6.63785778101974e-13,-1.4377825012960806e-14,1.2312861460049422,0.17369558808645924
242,mp-763828,mp-765126,Co4Li8C8O24,train,train,train,6.321739875396175e-13,5.140232441133698e-15,6.321739878110019e-13,5.140232441133698e-15,-4.900651630391389,-3.5535686808304625,-4.900651630391388,-3.5535686808304625,3.3182153954589864e-13,1.7527451931522718e-14,3.3182154325604814e-13,1.7527451931522718e-14,4.900651630391388,3.5535686808304625
243,mp-777744,mp-768350,Ba8Y4F28,train,train,train,-7.429791503056267e-13,1.6179696641253958e-15,-7.429791503056268e-13,1.6179696641253964e-15,-0.7027941370229842,-0.6815272302785277,-0.7027941370229842,-0.6815272302785277,-6.235895557797418e-13,-7.966141333333569e-15,-6.235895557797418e-13,-7.966141333333569e-15,0.7027941370229842,0.6815272302785277
244,mp-559091,mp-972808,O8Si4,train,train,train,-0.0007106847890894735,6.076331259698481e-14,-0.0007106847890894735,6.076331259698481e-14,0.37728061765151333,-1.354254798747783,0.37728061765151333,-1.3542547987477829,3.420042612849076e-06,-5.68582730177347e-14,3.4200426128490864e-06,-5.68582730177347e-14,0.3772812870261041,1.3542547987477829
245,mp-761990,mp-763217,Li4Ni4O16P4,train,train,train,7.569033954145754e-13,-2.7312121476766547e-14,7.569033954127797e-13,-2.7312109265355755e-14,-0.4136677105787434,-1.0933827860165624,-0.4136677105787434,-1.0933827860165624,-2.3703827979895606e-13,2.1453852353750265e-14,-2.3703828367204444e-13,2.1453852551934828e-14,0.4136677105787434,1.0933827860165624
246,mp-655275,mp-610992,Hg2C4N4S4,train,train,train,-0.0001409500021976141,6.7857311360114835e-15,-0.00014095000219761412,6.7857311360114835e-15,-0.9107018035348577,-0.8906736520386155,-0.9107018035348577,-0.8906736520386155,-5.3762393352088075e-05,9.694346541474463e-16,-5.3762393352088075e-05,9.694346541474463e-16,0.9107018160292317,0.8906736520386155
247,mp-626577,mp-626582,Mo2H4O8,train,train,train,2.6588898127111666,-0.7674802709132109,2.658889812711166,-0.7674802709132111,38.727337544737836,34.12665023331392,38.727337544737836,34.12665023331391,-0.8202142028178887,4.649205157827655,-0.8202142028178887,4.649205157827655,38.82716986439656,34.45043382473952
248,mp-615173,mp-565192,BiCuW2O8,train,train,train,-0.8797708039321058,29.950474399661566,-0.8797708039321058,29.950474399661566,-0.4719298392085512,17.588002805953227,-0.4719298392085512,17.588002805953227,-0.3892470088694876,23.631680591012685,-0.3892470088694876,23.631680591012685,1.0715538598225456,42.00982131624279
249,mp-560498,mp-554570,C6Cl2H20N2O8,train,valid,train,5.131655346431531e-13,-3.0935498886511215e-14,5.131655346431531e-13,-3.0935498886511215e-14,0.30840651098864635,-0.11807809443541595,0.30840651098864635,-0.11807809443541595,2.280831773075085e-13,-2.1242518459510762e-14,2.2808317730750856e-13,-2.1242518459510765e-14,0.30840651098864635,0.11807809443541595
