frame_index,formula,relaxed,force_converged,fmax_before,fmax_after,min_eig,hessian_asr,bec_asr,keep
0,N2,False,True,1.6964040696620941e-06,1.6964040696620941e-06,-3.752577359961151e-09,3.2782554626464844e-07,0.00104,True
1,Br2I2,False,True,0.04448050260543823,0.04448050260543823,-0.15513326227664948,1.6689300537109375e-06,0.003530000000000477,False
2,F14I2Xe2,False,False,0.2442227005958557,0.2442227005958557,3.543039639453127e-08,1.576542854309082e-05,4.0000000001483293e-05,False
3,F12Xe4,False,False,0.284443199634552,0.284443199634552,-0.027418041601777077,8.58306884765625e-06,3.999999999998449e-05,False
4,S32,False,False,0.18775013089179993,0.18775013089179993,-0.05150764435529709,1.1876225471496582e-05,0.01754999999999976,False
5,CN2,False,False,0.8137865662574768,0.8137865662574768,-1.7487848253949778e-06,3.4332275390625e-05,1.0000000000065512e-05,False
6,C8,False,True,1.481559593230486e-05,1.481559593230486e-05,-2.4263486011477653e-06,1.9073486328125e-05,0.00032,True
7,Au4Cl12,False,False,0.381306529045105,0.381306529045105,-4.869869396628701e-09,1.5735626220703125e-05,4.000000000020654e-05,False
8,Au4Br4,False,False,0.11569949984550476,0.11569949984550476,-0.06717324256896973,1.3828277587890625e-05,0.00829000000000013,False
9,Cl6W,False,False,0.06361645460128784,0.06361645460128784,-2.5185741492350644e-07,5.841255187988281e-06,0.006489999999999552,False
10,O8W4,False,False,0.14533337950706482,0.14533337950706482,-3.314039247470646e-07,5.6743621826171875e-05,0.006709999999995997,False
11,Se2W,False,False,0.06966957449913025,0.06966957449913025,6.350062449200777e-07,1.9825529307127e-06,1.0000000000000026e-05,False
12,Br2F12Pb7,False,False,0.21822655200958252,0.21822655200958252,-1.9670774936676025,6.251344984775642e-06,2.0000000003017604e-05,False
13,I8Pb4,False,False,0.10867312550544739,0.10867312550544739,-5.204986308626758e-08,4.323636858316604e-06,0.0051400000000002555,False
14,Cl6Rh2,False,False,0.07723083347082138,0.07723083347082138,-3.4321433872719354e-07,8.821487426757812e-06,0.05180000000000001,False
15,Rh8S12,False,False,0.19140785932540894,0.19140785932540894,-1.7412232011793094e-07,2.002716064453125e-05,0.031199999999998784,False
16,PtS2,False,False,0.1030941754579544,0.1030941754579544,-4.81254232909123e-07,4.020752385258675e-06,0.0022999999999999687,False
17,F8Ru2,False,False,0.21683967113494873,0.21683967113494873,-1.0958048051179503e-06,1.996755599975586e-05,2.000000000035307e-05,False
18,Cl12Pd6,False,False,0.16974851489067078,0.16974851489067078,-0.07555995136499405,9.804964065551758e-06,0.08436999999999983,False
19,O8Os2,False,False,0.323386013507843,0.323386013507843,-0.2972111701965332,1.537799835205078e-05,2.0000000001685336e-05,False
20,F6Ir2,False,False,0.18973374366760254,0.18973374366760254,-9.165433993985062e-07,8.58306884765625e-06,0.0033800000000004105,False
21,Cl6Ir2,False,False,0.0707399770617485,0.0707399770617485,5.828438887078846e-08,6.67572021484375e-06,0.05935999999999986,False
22,Ir8S16,False,False,0.7363448739051819,0.7363448739051819,-3.8954667047619296e-07,1.9073486328125e-05,4.0000000006923386e-05,False
23,C18H36O18,False,False,0.23660704493522644,0.23660704493522644,-1.6252929526672233e-06,3.0517578125e-05,6.000000000003225e-05,False
24,H2,False,True,9.412592589796986e-07,9.412592589796986e-07,-0.43438440561294556,1.571703052150042e-07,0.00014000000000000001,False
25,P4Pb4Se12,False,False,0.1875283569097519,0.1875283569097519,-0.8556784987449646,2.0325183868408203e-05,3.9999999999845715e-05,False
26,Os2P4,False,False,0.20432844758033752,0.20432844758033752,-8.424892712355359e-07,2.5391578674316406e-05,0.007120000000000459,False
27,P12Ru3,False,False,0.35179540514945984,0.35179540514945984,-6.016933298269578e-07,3.4809112548828125e-05,0.006219999999999004,False
28,As4Ru4Se4,False,False,0.12000653892755508,0.12000653892755508,-2.166294734706753e-07,3.340095281600952e-05,4.000000000026205e-05,False
29,As4Os4S4,False,False,0.28187084197998047,0.28187084197998047,-2.1423043961021904e-07,4.152953624725342e-05,4.000000000026205e-05,False
30,As4Ir4Se4,False,False,0.15311843156814575,0.15311843156814575,-3.5951936183664657e-07,3.2395124435424805e-05,3.9999999999151825e-05,False
31,As8Se12,False,False,0.2645382881164551,0.2645382881164551,-1.0790913052005635e-07,1.1239200830459595e-05,0.058820000000000205,False
32,F6Mo,False,False,0.36738380789756775,0.36738380789756775,-1.0838615480679437e-06,1.33514404296875e-05,0.018309999999999493,False
33,Mo4S8,False,False,0.12957045435905457,0.12957045435905457,-0.1783132702112198,1.4692544937133789e-05,1.0000000000010868e-05,False
34,MoSe2,False,False,0.06283002346754074,0.06283002346754074,-1.6711273076452926e-07,3.27348243445158e-06,9.999999999843467e-06,False
35,MoSe2,False,False,0.09178633242845535,0.09178633242845535,-5.986047995065746e-07,7.152557373046875e-06,0.004789999999999961,False
36,Se2Te,False,False,0.28120070695877075,0.28120070695877075,-2.2407922744750977,1.4722347259521484e-05,1.0000000000065512e-05,False
37,Au4I4Te4,False,False,0.2432636022567749,0.2432636022567749,-0.4210529625415802,6.288290023803711e-06,4.0000000002482494e-05,False
38,I8Te8,False,False,0.4578167200088501,0.4578167200088501,-3.252668619155884,4.649162292480469e-05,0.04303999999999908,False
39,Br6Rh2Te12,False,False,0.1226239800453186,0.1226239800453186,-0.7085342407226562,8.706003427505493e-06,1.9999999999686935e-05,False
40,Ru4Te8,False,False,0.2427443265914917,0.2427443265914917,5.726703111719189e-09,2.397596836090088e-05,0.0004999999999997229,False
41,MoTe4W,False,False,0.12453865259885788,0.12453865259885788,1.1874489302954316e-07,6.713950369885424e-06,1.0000000000000026e-05,False
42,Te3,False,False,1.3485538959503174,1.3485538959503174,-15.965056419372559,2.86102294921875e-06,0.023999999999999577,False
43,PbSb2Te4,False,False,0.7046226263046265,0.7046226263046265,-1.7304023504257202,8.463859558105469e-06,0.1548199999999973,False
44,Os4Sb4Te4,False,False,0.22028706967830658,0.22028706967830658,-3.744666798866092e-07,2.372264862060547e-05,4.000000000026205e-05,False
45,Ir4Sb4Te4,False,False,0.21085794270038605,0.21085794270038605,1.3459707304264157e-07,2.5078654289245605e-05,3.552713678800501e-15,False
46,B24O48Pd12,False,False,0.27554866671562195,0.27554866671562195,-1.1269161177551723e-06,1.9073486328125e-05,4.0000000005369074e-05,False
47,H40B24,False,False,0.6585441827774048,0.6585441827774048,-0.07113388925790787,1.621246337890625e-05,7.999999999730445e-05,False
48,BP,False,True,1.2019765563309193e-05,1.2019765563309193e-05,-2.8646086320804898e-06,1.7273181583732367e-05,0.0007699999999999929,True
49,As4B4,False,True,9.930372470989823e-06,9.930372470989823e-06,2.2392836740436906e-07,2.288818359375e-05,0.0011199999999998989,True
50,Bi4O12W2,False,False,0.2818702459335327,0.2818702459335327,-1.00474892406055e-06,3.065913915634155e-05,2.000000000279556e-05,False
51,Bi4Cl12,False,False,0.3048388957977295,0.3048388957977295,-0.7042847275733948,8.821487426757812e-06,0.027040000000000286,False
52,Bi2I6,False,False,0.0921761691570282,0.0921761691570282,-4.0799026379545467e-08,2.2649765014648438e-06,2.0000000000131024e-05,False
53,Bi4Ir4Se4,False,False,0.09365829825401306,0.09365829825401306,4.15663912178843e-08,2.682209014892578e-05,9.992007221626409e-16,False
54,Ge4Pb4S12,False,False,0.12502740323543549,0.12502740323543549,-2.87786328101447e-08,1.6771256923675537e-05,4.000000000001919e-05,False
55,GeI2,False,True,0.0009792894124984741,0.0009792894124984741,-2.026650314235212e-08,3.814697265625e-06,1.0000000000065512e-05,True
56,Ge4Se8,False,True,0.03562211990356445,0.03562211990356445,-4.0740127360550105e-07,8.106231689453125e-06,0.0016800000000016801,True
57,Ge4Pt4S4,False,False,0.09622564911842346,0.09622564911842346,-1.9630817860161187e-07,1.9878149032592773e-05,3.99999999980416e-05,False
58,As6Ge6,False,False,0.2962406873703003,0.2962406873703003,-2.430685697163426e-07,1.8596649169921875e-05,0.05691999999999919,False
59,Ge12Os8,False,False,0.21012023091316223,0.21012023091316223,-0.084690622985363,2.113799382641446e-05,2.00000000134537e-05,False
60,Cl8Hg4,False,False,0.1064269095659256,0.1064269095659256,-0.7905386686325073,1.917034387588501e-05,0.003629999999999356,False
61,Br8Hg12Te8,False,False,0.17768989503383636,0.17768989503383636,-0.4695908725261688,1.8279999494552612e-05,2.0000000005016005e-05,False
62,Hg2I2,False,False,0.17058634757995605,0.17058634757995605,-0.20399737358093262,7.152557373046875e-06,0.0030399999999999316,False
63,F9O12P3Sn9,False,False,0.3014456629753113,0.3014456629753113,-7.570677098556189e-07,1.4101387932896614e-05,3.0000000005525607e-05,False
64,SeSn,False,True,5.459878593683243e-08,5.459878593683243e-08,-0.3230704963207245,4.247572178428527e-07,0.06890000000000018,False
65,Ag2Au2F8,False,False,0.12814107537269592,0.12814107537269592,-0.48564499616622925,1.2278556823730469e-05,2.0000000000797158e-05,False
66,Ag6Ge6P12Sn4,False,False,0.31144583225250244,0.31144583225250244,-0.2479744255542755,1.0602176189422607e-05,3.000000000009939e-05,False
67,Ag2HgI4,False,False,0.09001676738262177,0.09001676738262177,-9.595172656418072e-08,1.0542571544647217e-06,0.009729999999999572,False
68,AgBr,False,True,6.728805601596832e-08,6.728805601596832e-08,-1.1949320821713627e-07,3.424502210691571e-07,0.0005800000000000249,True
69,Ag8Se4,False,False,0.21585068106651306,0.21585068106651306,-0.4074607193470001,1.429815893061459e-05,0.03929999999999989,False
70,Ni2O8W2,False,False,0.0933244526386261,0.0933244526386261,-5.629296424558561e-07,3.528594970703125e-05,2.0000000000131024e-05,False
71,Ni3O4,False,False,0.4190826714038849,0.4190826714038849,-1.5413022538268706e-06,4.76837158203125e-06,1.0000000000509601e-05,False
72,O8Si4,False,False,0.05929829180240631,0.05929829180240631,-1.623374942028022e-06,1.609325408935547e-05,0.018820000000000725,False
73,O48Si24,False,True,0.041693828999996185,0.041693828999996185,-0.03010684624314308,2.288818359375e-05,5.999999999439787e-05,False
74,Se4Si2,False,False,0.05070289969444275,0.05070289969444275,-2.3105998536721017e-07,2.86102294921875e-06,0.002649999999999597,False
75,P16Si8,False,False,0.1867506355047226,0.1867506355047226,-2.2909330255060922e-07,1.9073486328125e-05,0.1410199999999988,False
76,C10Si10,False,False,0.12148226797580719,0.12148226797580719,-2.1859015930658643e-07,1.808907836675644e-05,0.014490000000003445,False
77,CSi,False,True,6.112240953370929e-07,6.112240953370929e-07,-9.775799298950005e-07,5.7220458984375e-06,0.00041000000000002146,True
78,Ru4Si4,False,False,0.16422593593597412,0.16422593593597412,-4.602360093031166e-07,1.049041748046875e-05,0.0955400000000024,False
79,Os4Si4,False,False,0.2893108129501343,0.2893108129501343,6.239548611119972e-08,1.621246337890625e-05,0.035199999999999676,False
80,P4Pt2Si6,False,False,0.3660956919193268,0.3660956919193268,-1.8860716011204204e-07,3.2961368560791016e-05,0.006480000000000707,False
81,Si8,False,True,1.2112415788578801e-05,1.2112415788578801e-05,3.237027002001014e-08,1.430511474609375e-05,0.00528,True
82,Ag2O8Re2,False,False,0.13991737365722656,0.13991737365722656,-0.4779202938079834,1.8894672393798828e-05,1.9999999998798756e-05,False
83,P20Re8,False,False,0.46733948588371277,0.46733948588371277,-6.691554972348968e-07,3.0517578125e-05,0.06892999999999727,False
84,Mo2Re4Se8,False,False,0.36126357316970825,0.36126357316970825,-2.6481245640752604e-07,1.9073486328125e-05,1.0000000000509601e-05,False
85,Re16S16Te16,False,False,0.7625431418418884,0.7625431418418884,8.97020058232556e-09,5.5789947509765625e-05,7.999999999941387e-05,False
86,Cu4Ni4S12Sb4,False,False,0.4724028706550598,0.4724028706550598,-3.7009897232055664,2.193450927734375e-05,3.999999999759751e-05,False
87,AsCuSe2,False,False,0.43081924319267273,0.43081924319267273,-3.009644444773585e-07,1.049041748046875e-05,1.0000000000065512e-05,False
88,B2Cu2S4,False,False,0.2551068663597107,0.2551068663597107,-6.81876485941757e-07,6.198883056640625e-06,0.008840000000000181,False
89,Bi4Cu4S8,False,False,0.23059332370758057,0.23059332370758057,-1.8995906714280864e-07,1.9073486328125e-05,4.000000000559112e-05,False
90,Cu4P8,False,False,0.22174344956874847,0.22174344956874847,-8.293514497381693e-08,2.0615756511688232e-05,0.006100000000000105,False
91,CuI,False,True,0.00048147240886464715,0.00048147240886464715,-1.2247190761538462e-10,5.604233592748642e-07,0.004290000000000016,True
92,H2Cu2,False,True,0.0012232279404997826,0.0012232279404997826,-1.445882162443013e-06,2.86102294921875e-06,0.022720000000000073,True
93,C2Co2O6,False,True,0.04116484522819519,0.04116484522819519,-1.4802101304667303e-06,1.519918441772461e-05,0.00045999999999988064,True
94,As8Co8Se8,False,False,0.12659907341003418,0.12659907341003418,-6.925898787812912e-08,2.0503997802734375e-05,0.059439999999998605,False
95,Co8S8Sb8,False,False,0.263855516910553,0.263855516910553,-2.0780397846920096e-07,2.7418136596679688e-05,0.012799999999997924,False
96,Fe4P16,False,False,0.18546722829341888,0.18546722829341888,-3.6804914316235227e-07,2.286583185195923e-05,0.024140000000001383,False
97,Bi6Fe6O18,False,True,0.034396618604660034,0.034396618604660034,-1.3486420868957794e-07,2.3126602172851562e-05,0.02838000000001273,True
98,CuFeO2,False,False,0.15115797519683838,0.15115797519683838,-5.308252184477169e-07,6.198883056640625e-06,0.0009500000000004505,False
99,Co2Fe4O8,False,True,0.017107903957366943,0.017107903957366943,-7.935748840282031e-07,5.0067901611328125e-06,5.9999999998616715e-05,True
100,Fe2Se4,False,False,0.1787664294242859,0.1787664294242859,-1.3566707366408082e-06,8.106231689453125e-06,0.0036299999999998,False
101,As2Fe2Sb2,False,False,0.18960167467594147,0.18960167467594147,-6.955085041226994e-08,2.968311309814453e-05,9.999999999968368e-06,False
102,Fe2O2,False,False,0.16757109761238098,0.16757109761238098,-1.751163551944046e-07,3.0407682061195374e-06,1.000000000095369e-05,False
103,B3GaN4,False,False,0.25210973620414734,0.25210973620414734,-1.2028452829326852e-06,1.52587890625e-05,1.0000000000509601e-05,False
104,Cl6Ga2,False,False,0.16737893223762512,0.16737893223762512,-5.497410597854469e-07,7.62939453125e-06,0.04659000000000041,False
105,Br12Ga4,False,False,0.13710467517375946,0.13710467517375946,-0.00012283695104997605,2.86102294921875e-06,4.0000000002482494e-05,False
106,Ag2Ga2Se4,False,True,0.02496066689491272,0.02496066689491272,-2.3310360575123923e-07,1.9073486328125e-06,0.17871999999999932,False
107,Ga4Ni2O8,False,False,0.1395258605480194,0.1395258605480194,-7.552631586804637e-07,5.111098289489746e-06,2.0000000000075513e-05,False
108,Co2Ga4O8,False,False,0.11739087104797363,0.11739087104797363,4.317857182911666e-09,4.291534423828125e-06,3.0000000001528804e-05,False
109,Ga2N2,False,False,0.05632602423429489,0.05632602423429489,-1.2373282061162172e-06,7.494403689634055e-06,0.0017599999999999838,False
110,Ga2S2,False,False,0.5195014476776123,0.5195014476776123,1.3771482088031917e-07,2.682209014892578e-06,0.03614000000000006,False
111,Cl18Ge6In6,False,True,0.026594817638397217,0.026594817638397217,-0.10819879919290543,3.135576844215393e-05,6.0000000009718946e-05,False
112,Cl6In2Sn2,False,False,0.09104698896408081,0.09104698896408081,-0.137742817401886,1.0862946510314941e-05,2.0000000000797158e-05,False
113,Ag4In4S8,False,False,0.06297430396080017,0.06297430396080017,-2.1756720514076733e-07,1.8358230590820312e-05,3.999999999937387e-05,False
114,Cu4In4Te8,False,False,0.050311312079429626,0.050311312079429626,-1.539806788741771e-07,1.9073486328125e-06,0.03100000000000236,False
115,Br2In2,False,False,0.23689918220043182,0.23689918220043182,-0.5982248783111572,1.1563301086425781e-05,0.007689999999999753,False
116,InP,False,True,9.247160051018e-07,9.247160051018e-07,-2.3976144802873023e-07,1.5495152183575556e-06,0.025069999999999926,True
117,CdGa6Te10,False,False,0.13264687359333038,0.13264687359333038,-1.081747953435297e-07,6.079673767089844e-06,2.0000000000075513e-05,False
118,Cd2O8Rh4,False,False,0.14394526183605194,0.14394526183605194,4.1311321297143877e-07,1.0848045349121094e-05,2.000000000190738e-05,False
119,CdGa2S4,False,False,0.08868996798992157,0.08868996798992157,-2.454459604450676e-07,1.71661376953125e-05,0.00034000000000089514,False
120,CdIn2Se4,False,False,0.13980336487293243,0.13980336487293243,-1.0735987387988644e-07,3.039836883544922e-06,0.003509999999999236,False
121,C2Cd2O6,False,True,0.020053505897521973,0.020053505897521973,-1.0136134278582176e-06,1.233816146850586e-05,0.007000000000002782,True
122,Cd4Ge4N8,False,False,0.08396738767623901,0.08396738767623901,-1.4596160724522633e-07,2.288818359375e-05,4.440892098500626e-15,False
123,CdHgO2,False,False,0.16810953617095947,0.16810953617095947,-1.911776735141757e-06,9.5367431640625e-06,0.00039999999999995595,False
124,As4Cd2Si2,False,False,0.1103496253490448,0.1103496253490448,-4.1300043562841893e-07,1.9073486328125e-06,0.09930000000000039,False
125,CdCl2,False,True,0.007620692253112793,0.007620692253112793,-7.959084769026958e-08,5.7220458984375e-06,0.012929999999999886,True
126,Br4Cd2,False,True,0.01598323881626129,0.01598323881626129,-8.274257368157123e-08,1.2367963790893555e-06,0.07198999999999978,False
127,Br4Cd2,False,True,0.018364831805229187,0.018364831805229187,-8.94219880365199e-08,1.3579265214502811e-06,0.04213999999999962,True
128,Cd3I6,False,True,0.03129412978887558,0.03129412978887558,-1.0446164822042192e-07,1.6093254089355469e-06,0.044720000000000426,True
129,Cd8P16,False,False,0.1496778279542923,0.1496778279542923,-2.1999809973749507e-07,2.288818359375e-05,7.99999999965273e-05,False
130,Cd16S24Si4,False,False,0.11577001214027405,0.11577001214027405,-5.363622079812558e-08,7.62939453125e-06,4.000000001092019e-05,False
131,Cd4Te4,False,True,3.3355318009853363e-06,3.3355318009853363e-06,-2.0739292949656374e-07,1.9073486328125e-06,0.01672000000000118,True
132,Cr2Mo2O8,False,False,0.4063750207424164,0.4063750207424164,-6.898745255057293e-07,2.4318695068359375e-05,2.0000000006348273e-05,False
133,Cr4Sb4Se12,False,False,0.2918117046356201,0.2918117046356201,-1.0229093305724746e-07,1.9825994968414307e-05,0.03044000000000624,False
134,Bi2Cr2O6,False,False,0.4649585783481598,0.4649585783481598,-2.5789839241951995e-07,1.4662742614746094e-05,0.002200000000000202,False
135,Cr2Si2Te6,False,False,0.38893306255340576,0.38893306255340576,-2.510648471343302e-07,2.477318048477173e-06,0.01449999999999907,False
136,Cr4O12W2,False,False,0.40641462802886963,0.40641462802886963,-9.80121512839105e-07,1.5437602996826172e-05,3.999999999759751e-05,False
137,Cl6Cr2,False,True,0.036977410316467285,0.036977410316467285,-4.606042409704969e-07,1.0967254638671875e-05,0.008159999999999917,True
138,AgCrS2,False,False,0.11603939533233643,0.11603939533233643,-6.221839612408075e-07,3.4570693969726562e-06,0.0028500000000002412,False
139,CrCuO2,False,False,0.21984338760375977,0.21984338760375977,-2.767968680927879e-06,7.62939453125e-06,0.0012300000000000644,False
140,F6WZn,False,True,0.04421968758106232,0.04421968758106232,-3.657628155906423e-07,2.956390380859375e-05,1.0000000000065512e-05,True
141,C8N16Zn8,False,False,0.11847078800201416,0.11847078800201416,5.121181061440438e-07,2.47955322265625e-05,9.325873406851315e-15,False
142,CdSe2Zn,False,True,0.005515068769454956,0.005515068769454956,-7.674146331737575e-07,1.3140044075043988e-06,9.999999999999999e-06,True
143,O16Pt4Zn8,False,False,0.09662678837776184,0.09662678837776184,9.569934178443873e-09,1.811981201171875e-05,3.999999999892978e-05,False
144,Cl4Zn2,False,False,0.05781926214694977,0.05781926214694977,-4.1550009655111353e-07,6.478399882325903e-06,0.04955999999999994,False
145,P16Zn8,False,False,0.21316693723201752,0.21316693723201752,-2.6897316729446175e-07,2.47955322265625e-05,2.4424906541753444e-15,False
146,N8W2Zn6,False,False,0.20459067821502686,0.20459067821502686,-8.001765650078596e-07,1.6450881958007812e-05,3.9999999996709334e-05,False
147,Mo2N8Zn6,False,False,0.34751439094543457,0.34751439094543457,9.280149981805152e-08,2.47955322265625e-05,4.000000000381476e-05,False
148,S10Zn10,False,True,0.010220255702733994,0.010220255702733994,-1.1475422212470221e-07,8.734787115827203e-06,0.02819999999999756,True
149,S5Zn5,False,True,0.010471580550074577,0.010471580550074577,-3.798143950461963e-07,9.268522262573242e-06,0.0595600000000025,False
150,Te4Zn4,False,True,2.7369242161512375e-07,2.7369242161512375e-07,-6.45393299691932e-07,1.9073486328125e-06,0.005599999999999383,True
151,Ag3HgO4V,False,False,0.21046921610832214,0.21046921610832214,-8.572750971325149e-07,1.71661376953125e-05,2.0000000000131024e-05,False
152,Cu3Te4V,False,True,0.014606326818466187,0.014606326818466187,-5.587532996287337e-07,2.86102294921875e-06,9.99999999995449e-06,True
153,Se18V4,False,False,0.4875788688659668,0.4875788688659668,-3.5545184573493316e-07,2.6300549507141113e-05,0.02306000000000008,False
154,B2O6V2,False,False,0.0603378564119339,0.0603378564119339,-3.954723410970473e-07,2.5406479835510254e-05,0.0008400000000001739,False
155,O12V4W2,False,False,0.3113499581813812,0.3113499581813812,-4.077242863331776e-07,2.2172927856445312e-05,2.0000000000131024e-05,False
156,Cl2V,False,False,0.15591122210025787,0.15591122210025787,8.909775317533786e-08,6.9678062573075294e-06,0.00764999999999999,False
157,Bi6F20Tl2,False,False,0.3477741777896881,0.3477741777896881,-4.567999312143911e-08,1.1842697858810425e-05,3.9968028886505635e-15,False
158,Br16Fe4Tl4,False,False,0.1667206883430481,0.1667206883430481,-0.11628390103578568,1.1920928955078125e-05,0.05743999999999749,False
159,B4Se14Tl4,False,False,0.29615697264671326,0.29615697264671326,-1.648096059625459e-07,1.0251998901367188e-05,3.999999999493298e-05,False
160,F3GeTl,False,False,0.17825162410736084,0.17825162410736084,-0.13698406517505646,5.7220458984375e-06,1.9999999999992246e-05,False
161,Cl6Ni2Tl2,False,False,0.10280078649520874,0.10280078649520874,-0.8687112331390381,1.1346866813255474e-05,3.999999999981796e-05,False
162,Hg6Se8Tl4,False,False,0.14459721744060516,0.14459721744060516,-0.03864935413002968,2.467632293701172e-05,4.0000000002038405e-05,False
163,BiTe2Tl,False,False,0.0651833564043045,0.0651833564043045,-1.4611462972879963e-07,3.0174851417541504e-06,0.007979999999998988,False
164,Ga8S16Tl8,False,False,0.10402238368988037,0.10402238368988037,-0.5409898161888123,7.62939453125e-06,0.11132000000002007,False
165,In2S4Tl2,False,False,0.0983591079711914,0.0983591079711914,-1.8903359944033582e-07,7.152557373046875e-06,0.0038400000000002876,False
166,Mo2O8Tl4,False,False,0.9348995685577393,0.9348995685577393,-3.9029694676173676e-07,1.239776611328125e-05,1.0000000001841869e-05,False
167,S6Sn4Tl4,False,False,0.20371246337890625,0.20371246337890625,-0.8047528862953186,1.1518597602844238e-05,2.0000000000020002e-05,False
168,I8Tl4Zn2,False,False,0.12317625433206558,0.12317625433206558,-6.917185402244286e-08,2.7045607566833496e-05,2.0000000000020002e-05,False
169,O7Tl4V2,False,False,0.27920812368392944,0.27920812368392944,-4.3431973040242156e-07,2.09808349609375e-05,2.0000000003683738e-05,False
170,Ag4Te4Tl4,False,False,0.1663808524608612,0.1663808524608612,-0.014585314318537712,5.674548447132111e-06,0.06811999999999863,False
171,BrTl,False,True,2.32359138863103e-06,2.32359138863103e-06,-1.6039166439441033e-08,4.463466666493332e-06,8.000000000008001e-05,True
172,I2Se4Tl10,False,False,0.12965543568134308,0.12965543568134308,-1.349519695992285e-08,6.556510925292969e-07,3.999999999981796e-05,False
173,AlF5Fe,False,True,0.03896156698465347,0.03896156698465347,-8.153704129654216e-07,1.2040138244628906e-05,0.0018699999999998163,True
174,AgAlS2,False,False,0.22975963354110718,0.22975963354110718,-0.2471006214618683,8.106231689453125e-06,0.0002500000000007496,False
175,Al4Fe6Si6,False,False,0.3543403744697571,0.3543403744697571,-3.09956391220112e-07,1.621246337890625e-05,0.1538200000000045,False
176,Al16Co8O32,False,True,0.03787189722061157,0.03787189722061157,-4.176804324629302e-08,1.1444091796875e-05,8.000000002450491e-05,True
177,Al20Cu4Se32,False,False,0.15300105512142181,0.15300105512142181,-1.0938188665932103e-07,2.765655517578125e-05,4.000000001380677e-05,False
178,Al3GaN4,False,True,0.03887622803449631,0.03887622803449631,-4.3284993012093764e-07,1.430511474609375e-05,1.9999999999242846e-05,True
179,Al2P2,False,True,0.014712683856487274,0.014712683856487274,-1.375052875118854e-06,9.787711860553827e-06,0.0016600000000002169,True
180,Al4As4,False,True,3.176974132657051e-07,3.176974132657051e-07,-2.3145274496982893e-07,2.384185791015625e-06,0.0016400000000000858,True
181,Al4Sb4,False,True,7.913913577795029e-07,7.913913577795029e-07,-2.311451652303731e-07,2.384185791015625e-06,0.006199999999999317,True
182,C2Al6B2,False,False,0.27150827646255493,0.27150827646255493,-9.449820481677307e-07,6.908162504259963e-06,2.000000000279556e-05,False
183,NbS4Tl3,False,True,0.02699027955532074,0.02699027955532074,-1.8595011397337657e-07,1.52587890625e-05,0.0,True
184,I10Nb2,False,False,0.1478622853755951,0.1478622853755951,-0.1073518767952919,5.841255187988281e-06,2.0000000000242046e-05,False
185,Ga4Nb4O16,False,False,0.2464269995689392,0.2464269995689392,-6.098100016060926e-07,1.773238182067871e-05,4.000000000137227e-05,False
186,N12Nb4Zn8,False,False,0.309407114982605,0.309407114982605,-1.9239155335526448e-07,2.384185791015625e-05,7.999999999341867e-05,False
187,Cl8Nb2,False,False,0.36280977725982666,0.36280977725982666,-3.794071119500586e-07,8.821487426757812e-06,0.027470000000000105,False
188,Br12Nb4Se4,False,False,0.4986780285835266,0.4986780285835266,-1.2537984162008797e-07,2.247840166091919e-05,3.999999999970694e-05,False
189,Nb6Sb4Te10,False,False,0.8029834628105164,0.8029834628105164,-4.3404909888522525e-08,8.702278137207031e-06,0.0017799999999972282,False
190,Be4Ge4N8,False,False,0.1293734610080719,0.1293734610080719,-6.606500733141729e-07,1.049041748046875e-05,3.999999999848569e-05,False
191,As8Be4Ge4,False,False,0.06967377662658691,0.06967377662658691,-2.671640118023788e-07,2.384185791015625e-05,4.000000000048409e-05,False
192,As4Be2Sn2,False,False,0.2566114366054535,0.2566114366054535,-2.623399382173375e-07,6.198883056640625e-06,0.0,False
193,Be2Cl4,False,False,0.1400752067565918,0.1400752067565918,1.0856128795921904e-07,2.5033950805664062e-06,0.02654000000000023,False
194,Be8P16,False,False,0.16856054961681366,0.16856054961681366,-9.55156238546806e-08,4.76837158203125e-06,0.0398200000000013,False
195,BeSe,False,True,1.5339028323069215e-06,1.5339028323069215e-06,-4.794466121893493e-07,2.3563188733533025e-06,0.0006500000000000394,True
196,MnSe5Zn4,False,False,0.10074665397405624,0.10074665397405624,-5.30544461696536e-08,5.7220458984375e-06,1.0000000000003062e-05,False
197,F6MnPt,False,False,0.13653522729873657,0.13653522729873657,-1.860669982534091e-07,1.6689300537109375e-05,0.002089999999999481,False
198,Bi2Mn2O10V2,False,False,0.19034965336322784,0.19034965336322784,-1.2019186215184163e-06,1.9073486328125e-05,2.0000000003683738e-05,False
199,Mn2Sb4Se8,False,False,0.34519314765930176,0.34519314765930176,-0.6356450915336609,2.2310763597488403e-05,1.000000000672685e-05,False
200,Bi4Mn2Se8,False,False,0.15023364126682281,0.15023364126682281,-0.0036229542456567287,1.6250300177489407e-05,1.9999999993913775e-05,False
201,Al4Mn2S8,False,False,0.05273722857236862,0.05273722857236862,-5.558402449423738e-07,1.6391277313232422e-05,2.999999999886427e-05,False
202,Be6Mn8O24S2Si6,False,False,0.11293394863605499,0.11293394863605499,-2.802853487082757e-07,1.9073486328125e-05,3.999999998294257e-05,False
203,Mn2O6Sn2,False,False,0.10225900262594223,0.10225900262594223,-4.2266893274245376e-07,8.58306884765625e-06,0.0010200000000000209,False
204,Mn2Ni2O6,False,False,0.17721235752105713,0.17721235752105713,9.329530570312272e-08,8.58306884765625e-06,2.000000000190738e-05,False
205,Br12In4Mn4,False,False,0.20191672444343567,0.20191672444343567,-0.6484382152557373,1.9047409296035767e-05,0.015240000000002363,False
206,Cl12Mn4Tl4,False,False,0.12314873933792114,0.12314873933792114,-1.029493503779122e-07,1.6570091247558594e-05,1.3322676295501878e-15,False
207,Ge4Mn4N8,False,False,0.19912874698638916,0.19912874698638916,-1.2972261629329296e-06,3.0517578125e-05,4.0000000000040004e-05,False
208,Cl2Mn,False,True,0.02612859010696411,0.02612859010696411,-1.6725674178985628e-09,4.887580871582031e-06,0.0023600000000000287,True
209,Br2Mn,False,False,0.05158579349517822,0.05158579349517822,-4.384977785321098e-07,7.152557373046875e-07,0.0029799999999998716,False
210,Mn2O2,False,True,5.466677248477936e-05,5.466677248477936e-05,-5.41632573458628e-07,1.2516975402832031e-06,0.008340000000000458,True
211,O16Ti4V4,False,False,0.06227594241499901,0.06227594241499901,-0.7197951078414917,1.33514404296875e-05,0.00048000000000492093,False
212,Cl16Ti4,False,True,0.04929402843117714,0.04929402843117714,-0.19658663868904114,2.0802021026611328e-05,0.06114000000000097,False
213,O6Sn2Ti2,False,False,0.2909548878669739,0.2909548878669739,-6.853658760519465e-07,1.1570751667022705e-05,1.999999999990898e-05,False
214,Ni2O6Ti2,False,False,0.138192281126976,0.138192281126976,-3.665704184641072e-07,9.08970832824707e-06,0.0016300000000000203,False
215,Fe2O6Ti2,False,False,0.19549471139907837,0.19549471139907837,-1.7435414179090003e-07,2.753734588623047e-05,0.031640000000000335,False
216,Mn6O18Ti6,False,False,0.13190686702728271,0.13190686702728271,-5.756863288297609e-07,1.430511474609375e-05,0.02276999999999907,False
217,Fe2SiTi,False,True,0.0021507753990590572,0.0021507753990590572,-3.8988363826319983e-07,2.86102294921875e-06,0.002349999999999852,True
218,N8Ti4Zn4,False,False,0.09768092632293701,0.09768092632293701,-4.699714111211506e-07,1.3589859008789062e-05,2.000000000723645e-05,False
219,O4Ti2,False,False,0.057912394404411316,0.057912394404411316,-1.1126769550173776e-06,5.4836273193359375e-06,9.00000000000345e-05,False
220,S2Se2TaTl3,False,False,0.17720544338226318,0.17720544338226318,-0.4309208393096924,1.8984079360961914e-05,1.0000000000509601e-05,False
221,CrO4Ta,False,False,0.05076321214437485,0.05076321214437485,-8.673198976794083e-07,2.3365020751953125e-05,1.0000000000065512e-05,False
222,N12Ta4Zn8,False,False,0.17267021536827087,0.17267021536827087,-8.033510425775603e-07,2.574920654296875e-05,4.000000001180837e-05,False
223,Br8S9Ta4,False,False,0.32902267575263977,0.32902267575263977,-4.2278642808923905e-08,2.931058406829834e-05,3.000000000130676e-05,False
224,I4O2Ta2,False,False,0.24775463342666626,0.24775463342666626,-2.2894629125858046e-07,1.9073486328125e-05,2.0000000000575113e-05,False
225,Fe8Ga4Ta4,False,True,3.605615347623825e-06,3.605615347623825e-06,-1.1161167776663206e-06,4.76837158203125e-06,3.999999999848569e-05,True
226,N10Ta6,False,False,0.23414111137390137,0.23414111137390137,-1.0033226089944947e-06,2.47955322265625e-05,0.02255999999999969,False
227,O8Sc2V2,False,False,0.15014147758483887,0.15014147758483887,-1.4675728152724332e-06,2.3245811462402344e-05,2.0000000002129426e-05,False
228,Nb2O8Sc2,False,False,0.1272481083869934,0.1272481083869934,-7.651922260265565e-07,1.7970800399780273e-05,1.9999999999686935e-05,False
229,O8Sc2Ta2,False,False,0.12317153811454773,0.12317153811454773,-1.9956000869569834e-06,1.2636184692382812e-05,2.000000000235147e-05,False
230,AgS2Sc,False,False,0.2753371000289917,0.2753371000289917,-8.347902848981903e-07,6.877835403429344e-06,1.0000000000065512e-05,False
231,CuO2Sc,False,False,0.08592933416366577,0.08592933416366577,-5.220666707828059e-07,7.152557373046875e-06,0.0018299999999995542,False
232,O8Sc4Tl4,False,True,0.016116857528686523,0.016116857528686523,-0.8483843803405762,1.9073486328125e-05,4.0000000002038405e-05,False
233,C2Al2O2Sc2,False,False,0.43732473254203796,0.43732473254203796,-4.770270152221201e-07,1.0967254638671875e-05,2.0000000001019203e-05,False
234,NiSbSc,False,True,1.3951212167739868e-06,1.3951212167739868e-06,-1.272154236175993e-06,1.8151476979255676e-06,0.0042400000000001326,True
235,Sc8Se12,False,True,0.03648875653743744,0.03648875653743744,-1.956440165429285e-08,1.7583370208740234e-06,4.000000001180837e-05,True
236,Br10Te4Zr2,False,False,0.3331076502799988,0.3331076502799988,-0.6204896569252014,1.811981201171875e-05,2.0000000000630624e-05,False
237,F6NiZr,False,False,0.3656187951564789,0.3656187951564789,-0.12616406381130219,1.049041748046875e-05,2.000000000190738e-05,False
238,Pb2S8Tl4Zr2,False,False,0.17413678765296936,0.17413678765296936,-1.088188739117868e-07,1.4066696166992188e-05,2.0000000005460095e-05,False
239,Cl8Zr2,False,False,0.40959858894348145,0.40959858894348145,-1.6073899189450458e-07,1.481175422668457e-05,0.014259999999999717,False
240,S12Sn4Zr4,False,False,0.2402811199426651,0.2402811199426651,-0.07896848767995834,2.3543834686279297e-05,4.0000000001150227e-05,False
241,Mn6O18Zr6,False,False,0.2577069103717804,0.2577069103717804,-4.194772031951288e-07,2.568960189819336e-05,0.018809999999976235,False
242,N2SeZr2,False,False,0.43221089243888855,0.43221089243888855,6.341321636682551e-07,1.819135286496021e-05,1.0000000000509601e-05,False
243,C2B48Mg4,False,False,0.1626066267490387,0.1626066267490387,-2.732228949753335e-07,2.5272369384765625e-05,5.999999999772854e-05,False
244,Cr2Fe2Mg2O8,False,False,0.12067115306854248,0.12067115306854248,-4.393357357912464e-07,4.41819429397583e-06,3.0000000001084715e-05,False
245,As16Mg4,False,False,0.2626195549964905,0.2626195549964905,9.039108306296839e-08,2.2172927856445312e-05,0.00568000000000124,False
246,As2Be2Mg,False,False,0.1789865493774414,0.1789865493774414,-3.1293154734157724e-07,8.336151950061321e-06,4.440892098500626e-16,False
247,H6Mg2Ru,False,True,0.025595661252737045,0.025595661252737045,-0.02505437470972538,1.0877847671508789e-05,0.00042000000000053106,False
248,CMgN2,False,True,0.005016446113586426,0.005016446113586426,3.5332536185705976e-07,3.4332275390625e-05,0.0013700000000000934,True
249,Ge4Mg4N8,False,False,0.08636242896318436,0.08636242896318436,-2.020433598204363e-08,1.6450881958007812e-05,3.999999999998449e-05,False
250,Mg4N8Sn4,False,False,0.07503855228424072,0.07503855228424072,-2.3343238808593014e-07,2.765655517578125e-05,2.0000000000047757e-05,False
251,Mg4N8Zr4,False,False,0.2819414734840393,0.2819414734840393,-5.074738282928593e-07,2.9087066650390625e-05,2.000000000235147e-05,False
252,H14Mg6Re2,False,False,0.1333499252796173,0.1333499252796173,-0.26813605427742004,7.632101187482476e-06,1.9999999999242846e-05,False
253,Mg4O8Pt2,False,False,0.08709901571273804,0.08709901571273804,-1.6240358036156977e-06,5.4836273193359375e-06,3.0000000000141025e-05,False
254,Mg8Se16Si4,False,False,0.31441131234169006,0.31441131234169006,-1.3830837986006372e-07,2.0831008441746235e-05,7.999999999785956e-05,False
255,Mg4N6Nb2,False,False,0.2312493473291397,0.2312493473291397,-6.213515462150099e-07,2.4557113647460938e-05,3.9999999999595914e-05,False
256,Mg8N12Ta4,False,False,0.25243133306503296,0.25243133306503296,-2.353368131480238e-07,4.482269287109375e-05,5.9999999999615916e-05,False
257,MgTe,False,True,1.759035512804985e-07,1.759035512804985e-07,-2.3901463919173693e-07,7.152557373046875e-07,0.0008399999999999519,True
258,As2Mg3,False,False,0.148658886551857,0.148658886551857,-1.4446291629610641e-07,1.5361467376351357e-05,0.03186,False
259,F6HfV,False,False,0.06942731142044067,0.06942731142044067,-0.13282082974910736,4.76837158203125e-06,0.004290000000000571,False
260,Hf2Se6,False,False,0.4544965326786041,0.4544965326786041,6.06719794404853e-08,1.4543533325195312e-05,0.27681999999999973,False
261,Hf2N2Se,False,False,0.20255804061889648,0.20255804061889648,-1.1444270739957574e-06,1.2874603271484375e-05,9.999999999999972e-06,False
262,Ge8Lu8O28,False,False,0.15777234733104706,0.15777234733104706,-1.9682453000768874e-07,1.6689300537109375e-05,2.0000000011677344e-05,False
263,Be4Er4Ge2O14,False,False,0.14787134528160095,0.14787134528160095,-7.949377618388098e-07,2.002716064453125e-05,2.0000000007902585e-05,False
264,Ag4Er4Se8,False,False,0.07115438580513,0.07115438580513,-1.8181903271852207e-07,1.150369644165039e-05,1.9999999998354667e-05,False
265,Er12Ga4S24,False,False,0.12789152562618256,0.12789152562618256,-1.5547166754004138e-07,1.3589859008789062e-05,4.0000000030460114e-05,False
266,Al9Cl36Ho3,False,False,0.17701572179794312,0.17701572179794312,-0.015432072803378105,1.609325408935547e-05,3.0000000000002247e-05,False
267,Ag4Ho4Se8,False,False,0.14775893092155457,0.14775893092155457,-1.63878254966221e-07,1.0371208190917969e-05,2.000000000723645e-05,False
268,Ga2Ho6O12,False,False,0.20541563630104065,0.20541563630104065,-2.1349671897041844e-07,7.495284080505371e-06,2.0000000000131024e-05,False
269,Ag3Cl6Y,False,False,0.13682885468006134,0.13682885468006134,-0.0034394951071590185,2.1457672119140625e-06,0.0014400000000001079,False
270,C18N36Y12,False,False,0.25002893805503845,0.25002893805503845,-1.84770865274686e-08,3.0517578125e-05,0.00012000000001677336,False
271,N12W4Y4,False,False,0.2919307351112366,0.2919307351112366,-4.306312106905352e-08,2.765655517578125e-05,4.000000000514703e-05,False
272,O12Rh4Y4,False,False,0.25620612502098083,0.25620612502098083,-8.986230000118667e-07,1.7344951629638672e-05,3.9999999996709334e-05,False
273,In6O18Y6,False,False,0.3599977493286133,0.3599977493286133,-3.3908654017977824e-07,8.255243301391602e-06,3.0000000000090017e-05,False
274,S12Sc4Y4,False,False,0.0683106854557991,0.0683106854557991,-0.3857816159725189,1.424551010131836e-05,0.008840000000001957,False
275,Cl6Y2,False,False,0.09958541393280029,0.09958541393280029,-1.1413750655719923e-07,4.291534423828125e-06,0.0052000000000000934,False
276,Br6Y2,False,True,0.023986028507351875,0.023986028507351875,-1.4678531723433252e-09,3.337860107421875e-06,0.01856000000000102,True
277,Ag4Se8Y4,False,False,0.10027503222227097,0.10027503222227097,-1.257497785900341e-07,1.1324882507324219e-05,3.9999999995821156e-05,False
278,Cu4S8Y4,False,False,0.09026450663805008,0.09026450663805008,-3.955817646783544e-07,1.0013580322265625e-05,4.000000000559112e-05,False
279,As2O2Y2Zn2,False,False,0.3287816047668457,0.3287816047668457,-1.19325164860129e-07,1.239776611328125e-05,1.7763568394002505e-15,False
280,S2TlY,False,False,0.18356260657310486,0.18356260657310486,-1.2762352241679764e-07,9.80877666734159e-06,9.999999999621423e-06,False
281,HSeY,False,True,9.074879926629364e-06,9.074879926629364e-06,-4.3713413333534845e-07,6.0282181948423386e-06,0.00052,True
282,I10NiY6,False,False,0.3136310577392578,0.3136310577392578,-3.516134938763571e-08,1.728534698486328e-05,4.000000000006082e-05,False
283,Te12Y8,False,False,0.11810095608234406,0.11810095608234406,-7.527000178697563e-08,1.6540288925170898e-06,2.6645352591003757e-15,False
284,N4Se6Y8,False,False,0.379670649766922,0.379670649766922,-4.706059542058938e-07,1.33514404296875e-05,2.0000000005460095e-05,False
285,NY,False,True,5.684327334165573e-06,5.684327334165573e-06,-4.769593147102569e-07,8.540053386241198e-06,0.0,True
286,Dy2O38Ta14,False,False,0.42042383551597595,0.42042383551597595,-8.19424656128831e-07,1.9073486328125e-05,6.0000000080995264e-05,False
287,Dy6F2O24Se8,False,False,0.47714483737945557,0.47714483737945557,-0.09216921031475067,4.363059997558594e-05,5.9999999999060805e-05,False
288,N22Si12Sm6,False,False,0.24577659368515015,0.24577659368515015,-1.1041414609280764e-06,2.765655517578125e-05,2.000000000279556e-05,False
289,O14Sm4Zr4,False,False,0.6057965755462646,0.6057965755462646,-2.064952850341797,1.868605613708496e-05,1.9999999998354667e-05,False
290,O12Sm4Y4,False,False,0.08010897040367126,0.08010897040367126,-4.795860490958148e-07,1.093745231628418e-05,4.0000000001594316e-05,False
291,AlNO3Sm2,False,False,0.18717747926712036,0.18717747926712036,-1.2354078080534237e-06,1.7658385331742465e-05,1.000000000000002e-05,False
292,Ag2S16Sm10,False,False,0.12052808701992035,0.12052808701992035,-7.651277655895683e-08,2.08243727684021e-05,4.0000000008255654e-05,False
293,Ga4Nd4O12,False,False,0.23004214465618134,0.23004214465618134,-7.638543593202485e-07,1.239776611328125e-05,4.0000000001594316e-05,False
294,Nd8Pb4S16,False,True,0.04608113318681717,0.04608113318681717,-1.1576032221682908e-07,2.218782901763916e-05,4.000000000514703e-05,True
295,Be4Ge2O14Pr4,False,False,0.2123800367116928,0.2123800367116928,-5.285166366775229e-07,1.621246337890625e-05,4.000000000026205e-05,False
296,Cd4Pr8S16,False,False,0.18808376789093018,0.18808376789093018,-0.4547717273235321,2.422928810119629e-05,8.00000000129586e-05,False
297,Cu2Pr10Se16,False,False,0.0959562137722969,0.0959562137722969,-2.3309779167175293,9.629875421524048e-06,4.00000000064793e-05,False
298,Ce5O16Zr3,False,False,0.21095342934131622,0.21095342934131622,-0.2186668962240219,1.621246337890625e-05,2.000000000003041e-05,False
299,CeO2,False,True,9.676514309830964e-06,9.676514309830964e-06,-1.272436861654569e-06,1.8607606762088835e-05,0.008080000000000531,True
300,Ge8O28Tb8,False,False,0.12702834606170654,0.12702834606170654,-5.038988319938653e-07,2.384185791015625e-05,4.0000000002926583e-05,False
301,Pb4S16Tb8,False,False,0.12992644309997559,0.12992644309997559,-1.2787330661012675e-07,4.792120307683945e-05,3.999999999848569e-05,False
302,Be4Ge2La4O14,False,False,0.17940843105316162,0.17940843105316162,-1.4011961013693508e-07,3.0517578125e-05,3.999999999826365e-05,False
303,La4O14Pt4,False,False,0.31810635328292847,0.31810635328292847,3.752227542008768e-07,3.4689903259277344e-05,2.000000000323965e-05,False
304,La4O14Zr4,False,False,0.12266883254051208,0.12266883254051208,-0.628557562828064,1.1472031474113464e-05,1.9999999994801954e-05,False
305,C2F2La2N4,False,False,0.24552860856056213,0.24552860856056213,6.09426365372201e-07,1.7464160919189453e-05,2.000000000035307e-05,False
306,La4O12Sc4,False,False,0.05244402959942818,0.05244402959942818,-5.333577064448036e-07,2.0742416381835938e-05,3.999999999937387e-05,False
307,La4Mo2O12,False,False,0.6586775183677673,0.6586775183677673,-0.10434691607952118,2.4557113647460938e-05,0.013900000000003132,False
308,Cl6La2,False,False,0.0898410901427269,0.0898410901427269,-4.5242817492407994e-08,2.1457672119140625e-06,0.005640000000000089,False
309,H2Br4La2,False,False,0.08659917116165161,0.08659917116165161,-0.0012478275457397103,1.5735626220703125e-05,0.006810000000000427,False
310,Cu4La4S4Te4,False,False,0.12333812564611435,0.12333812564611435,1.2034981899944341e-08,1.5974044799804688e-05,4.000000000559112e-05,False
311,La2O2P2Zn2,False,True,0.025233685970306396,0.025233685970306396,-8.274148513010005e-07,6.67572021484375e-06,1.000000000139778e-05,True
312,As4La4S4,False,False,0.360054075717926,0.360054075717926,-2.081028753764258e-07,1.9084662199020386e-05,4.0000000000040004e-05,False
313,La5Se8Tl,False,False,0.12755684554576874,0.12755684554576874,-8.832648035195234e-08,8.940696716308594e-06,2.0000000000072043e-05,False
314,Ca2Mo4O8,False,True,0.04872612655162811,0.04872612655162811,-5.596647270067479e-07,2.516619861125946e-05,3.0000000000154035e-05,True
315,H16Ca4Mg4Ni4,False,False,0.06362121552228928,0.06362121552228928,7.669619606076594e-08,1.1533498764038086e-05,1.9999999999686935e-05,False
316,Ca2Gd4S8,False,False,0.1074482873082161,0.1074482873082161,-1.9650271099180827e-07,9.372830390930176e-06,2.0000000001019203e-05,False
317,CaI4Pb,False,True,0.04823260009288788,0.04823260009288788,-3.870541576134201e-08,2.0191073417663574e-06,0.009089999999999931,True
318,Ca3Ir6P6,False,False,0.6162765026092529,0.6162765026092529,-0.5170698761940002,3.647804260253906e-05,0.0176100000000039,False
319,Ca2In4N4,False,False,0.15332841873168945,0.15332841873168945,-1.931580158043289e-07,2.6812313080881722e-05,2.0000000000000486e-05,False
320,H6Ca2Os,False,True,0.01293494738638401,0.01293494738638401,-4.4047163783034193e-07,4.192610504105687e-06,1.3322676295501878e-15,True
321,Ca4O8Pb2,False,False,0.08881106972694397,0.08881106972694397,-3.8348355246853316e-07,2.4557113647460938e-05,1.9999999999242846e-05,False
322,Ca2Cl4,False,True,0.042722802609205246,0.042722802609205246,-0.01840200647711754,5.125999450683594e-06,0.0032599999999995966,False
323,Ca2CoO3,False,False,0.40255284309387207,0.40255284309387207,-1.8129185438156128,2.86102294921875e-06,9.999999999177334e-06,False
324,Ca16N24Nb8,False,False,0.22617125511169434,0.22617125511169434,-1.1695624589920044,4.38690185546875e-05,8.000000001118224e-05,False
325,Ca5P8,False,False,0.47603219747543335,0.47603219747543335,-3.3676377597657847e-07,1.0013580322265625e-05,0.00570000000000026,False
326,Ca4N4W2,False,False,1.6204807758331299,1.6204807758331299,-0.2788863182067871,2.6702880859375e-05,1.9999999998354667e-05,False
327,Ca12I12Sb4,False,False,0.09650366008281708,0.09650366008281708,5.8491589349785045e-09,6.319954991340637e-06,4.0000000002482494e-05,False
328,As12Ca12Ga4,False,False,0.21058259904384613,0.21058259904384613,-4.872190828564271e-08,2.2366642951965332e-05,0.26827999999999896,False
329,Ca8N8Ti2,False,False,0.184653177857399,0.184653177857399,-2.9674265533685684e-07,1.3828277587890625e-05,2.0000000001019203e-05,False
330,AsAuCa2,False,True,1.661200076341629e-05,1.661200076341629e-05,-6.278501033782959,5.752233391831396e-07,0.03995999999999944,False
331,Ca4OSb2,False,False,0.24187587201595306,0.24187587201595306,-0.4381707012653351,1.2874603271484375e-05,0.022990000000000066,False
332,Li4Mg16O48V12,False,False,0.18109363317489624,0.18109363317489624,-9.2804020823678e-07,2.288818359375e-05,5.9999999999504894e-05,False
333,C2CrLiO6,False,False,0.07464141398668289,0.07464141398668289,-7.970566571202653e-07,2.0015984773635864e-05,3.000000000036307e-05,False
334,Li2Nd2O12Ti4,False,True,0.037286125123500824,0.037286125123500824,-2.2570414543151855,1.4543533325195312e-05,1.999999999746649e-05,False
335,F12Li2Ni2Rh2,False,False,0.10220389068126678,0.10220389068126678,-8.15513999441464e-07,1.4906749129295349e-05,1.9999999996800355e-05,False
336,C6H2Ca4Li2,False,False,0.3869488835334778,0.3869488835334778,-7.29744897398632e-07,1.1116266250610352e-05,2.000000000612623e-05,False
337,Ge8Li8O20,False,False,0.12157299369573593,0.12157299369573593,-7.082766728672141e-07,2.0131468772888184e-05,8.00000000000245e-05,False
338,CoLiS2,False,True,0.031475745141506195,0.031475745141506195,1.4410296955702506e-07,6.055925041437149e-06,1.0000000000000026e-05,True
339,Li4Lu4O8,False,True,0.009347744286060333,0.009347744286060333,-3.1534156619272835e-08,9.59634780883789e-06,3.999999999737547e-05,True
340,Li2Se4Y2,False,True,0.04119288921356201,0.04119288921356201,-1.8893145181664295e-07,2.1457672119140625e-06,0.0013499999999995183,True
341,AsLiZn,False,True,9.998911991715431e-07,9.998911991715431e-07,-2.3903763235466613e-07,4.76837158203125e-07,0.047719999999999985,True
342,AlLiSi,False,True,1.237058313563466e-06,1.237058313563466e-06,-4.819249852516805e-07,1.975262421183288e-06,0.03196999999999983,True
343,LiMgSb,False,True,3.402557922527194e-06,3.402557922527194e-06,-1.1847758329963654e-09,2.0882580429315567e-06,0.0,True
344,Li2O2Pd,False,False,0.14194220304489136,0.14194220304489136,-8.676182119415898e-07,3.993511199951172e-06,1.0000000000509601e-05,False
345,HfLi2N2,False,False,0.17174921929836273,0.17174921929836273,-1.123660240409663e-06,5.363855962059461e-06,2.0000000000131024e-05,False
346,Li15O18Re3,False,False,0.10157083719968796,0.10157083719968796,-3.3839910429378506e-07,2.3834407329559326e-05,3.0000000002416982e-05,False
347,I2Li2,False,True,0.0067892735823988914,0.0067892735823988914,-8.955909436281217e-08,4.76837158203125e-07,0.000560000000000116,True
348,HLi,False,True,3.6868732422590256e-07,3.6868732422590256e-07,-2.3851202968216967e-07,5.960464477539062e-07,0.0,True
349,Li8P8,False,False,0.1542159616947174,0.1542159616947174,-2.6381962925370317e-07,1.049041748046875e-05,0.0057200000000003914,False
350,As2LaLi3,False,False,0.3180399537086487,0.3180399537086487,-3.682605154153862e-07,5.7220458984375e-06,1.0000000000065512e-05,False
351,Li56N32V8,False,False,0.071121446788311,0.071121446788311,-1.4588749763788655e-07,2.5272369384765625e-05,0.00012000000000478295,False
352,BiLi3,False,True,1.2331351172178984e-05,1.2331351172178984e-05,-1.297830607427386e-07,4.9211084842681885e-06,0.03218000000000032,True
353,P12Pt8Sr2,False,False,0.15979161858558655,0.15979161858558655,-1.247303771378938e-07,3.466010093688965e-05,0.03466000000000058,False
354,As12Pt8Sr2,False,False,0.20909911394119263,0.20909911394119263,-9.946558243711934e-09,1.9010156393051147e-05,0.07649999999999402,False
355,Al12O24Sr6,False,False,0.05753614008426666,0.05753614008426666,-0.05930871516466141,1.1511147022247314e-05,6.000000001615824e-05,False
356,Li16N8Sr4,False,False,0.18107320368289948,0.18107320368289948,-1.7606767244160437e-07,7.83552968641743e-06,4.000000000425885e-05,False
357,N24Re8Sr8,False,False,0.36295145750045776,0.36295145750045776,-0.18037009239196777,1.811981201171875e-05,4.000000000137227e-05,False
358,H2Cl2O2Sr2,False,False,0.11692234873771667,0.11692234873771667,-2.8945819394721184e-06,1.1444091796875e-05,0.0009600000000000719,False
359,Cu12N12Sr12,False,False,0.169175386428833,0.169175386428833,-2.293526790708711e-07,9.42125916481018e-06,8.000000001029406e-05,False
360,N24Sr16V8,False,False,0.22185172140598297,0.22185172140598297,-9.630125532567035e-07,2.288818359375e-05,8.0000000024949e-05,False
361,N24Sr16Ta8,False,False,0.36744293570518494,0.36744293570518494,4.876186565638818e-08,1.52587890625e-05,4.000000002868376e-05,False
362,Ca4Ge4Sr4,False,True,0.04369167983531952,0.04369167983531952,4.041578094415854e-08,9.244152352039237e-06,0.2100799999999996,False
363,Ca4Sn4Sr4,False,False,0.08526762574911118,0.08526762574911118,3.600364006928203e-09,3.039836883544922e-06,0.2738000000000014,False
364,Bi4Li4Sr4,False,False,0.10435974597930908,0.10435974597930908,-4.215228344151001e-08,9.521085303276777e-06,1.7763568394002505e-15,False
365,Br12O2Sr8,False,False,0.16038256883621216,0.16038256883621216,-8.199703671607494e-08,1.7546117305755615e-05,2.000000000279556e-05,False
366,I12O2Sr8,False,False,0.28423553705215454,0.28423553705215454,1.570590768551483e-08,4.230067133903503e-06,3.999999999759751e-05,False
367,Mo12N48Sr36,False,False,0.4930347502231598,0.4930347502231598,-6.2404353684542e-08,2.6702880859375e-05,0.00011999999997014399,False
368,P12Sn4Sr10,False,False,0.17809920012950897,0.17809920012950897,-3.111655999532559e-08,2.6524066925048828e-05,0.09432000000000773,False
369,Ge8N16Sr16,False,False,0.22618018090724945,0.22618018090724945,-5.390364208324172e-07,1.1920928955078125e-05,7.999999999697138e-05,False
370,As8Sr6,False,False,0.2342934012413025,0.2342934012413025,-1.6339258479547425e-07,1.7881393432617188e-05,0.0031100000000000294,False
371,BrNSr2,False,False,0.09083756804466248,0.09083756804466248,-1.1238335417829148e-07,6.318092346191406e-06,0.003170000000000339,False
372,AuBiSr2,False,True,1.403126043442171e-05,1.403126043442171e-05,-0.1790841817855835,3.2131197258422617e-07,0.029639999999999445,False
373,Si4Sr8,False,False,0.06680063903331757,0.06680063903331757,-6.373523575575746e-08,5.9604644775390625e-06,0.11793999999999905,False
374,Na4O32V20,False,False,0.24763084948062897,0.24763084948062897,-8.026317033227315e-08,1.5497207641601562e-05,4.000000001136428e-05,False
375,H8Al2Na2,False,True,0.02756849303841591,0.02756849303841591,1.4233972223109959e-08,1.1205673217773438e-05,1.999999999946489e-05,True
376,Cl16Na4Sc4,False,False,0.0885060727596283,0.0885060727596283,-1.199051951061847e-07,8.58306884765625e-06,4.000000000137227e-05,False
377,CuMnNaSe2,False,False,0.07438565790653229,0.07438565790653229,-6.301048927070951e-08,7.400289177894592e-06,1e-05,False
378,Na2S4Sb2,False,False,0.17781822383403778,0.17781822383403778,-1.4781653590034693e-07,8.106231689453125e-06,1.0000000000065512e-05,False
379,BiNaTe2,False,True,0.0048406124114990234,0.0048406124114990234,4.466598202412797e-09,4.649162292480469e-06,9.999999999843467e-06,True
380,InNaS2,False,True,0.027136370539665222,0.027136370539665222,3.351933486328562e-08,5.245208740234375e-06,1.0000000000509601e-05,True
381,Al2Na2Te4,False,False,0.07007016986608505,0.07007016986608505,-6.451094947124147e-08,1.2159347534179688e-05,0.0009900000000002684,False
382,Na4O8Tm4,False,True,0.0028816238045692444,0.0028816238045692444,-1.0641495009622304e-06,1.1444091796875e-05,1.7763568394002505e-15,True
383,Ga2Na6Sb8Sr6,False,False,0.14731106162071228,0.14731106162071228,1.1862007376350903e-08,1.7642974853515625e-05,4.000000000470294e-05,False
384,Cl16Na8Pd4,False,False,0.0972122997045517,0.0972122997045517,-2.5365217481976288e-08,6.655696779489517e-06,3.9968028886505635e-15,False
385,Mo16N40Na24,False,False,0.35283759236335754,0.35283759236335754,-3.5960721334049595e-07,1.52587890625e-05,8.00000000005241e-05,False
386,Na2P2Sn2,False,False,0.07038921117782593,0.07038921117782593,-8.446156130048621e-08,1.8417835235595703e-05,0.018060000000000187,False
387,AsCaNa,False,True,5.4435222409665585e-06,5.4435222409665585e-06,-2.3853172592680494e-07,1.3818033039569855e-05,0.007069999999999688,True
388,N38Na30W14,False,False,0.6274846196174622,0.6274846196174622,-1.4120631217956543,5.340576171875e-05,5.000000000077165e-05,False
389,Cr14N38Na30,False,False,0.33656617999076843,0.33656617999076843,-0.3604501783847809,2.9087066650390625e-05,4.000000000337067e-05,False
390,Na2O2Pt,False,True,0.01127372682094574,0.01127372682094574,6.628212645409803e-09,2.950429916381836e-06,1.0000000000065512e-05,True
391,Na4S4Zn2,False,False,0.1329142153263092,0.1329142153263092,-6.046502676326782e-08,1.2516975402832031e-06,0.003809999999999203,False
392,IrNa4O4,False,False,0.24647995829582214,0.24647995829582214,-7.134282782317314e-07,1.430511474609375e-05,0.0013500000000004064,False
393,As2Au2Na4,False,False,0.09246529638767242,0.09246529638767242,-3.011998330748611e-07,2.6226043701171875e-06,0.22068,False
394,Na16O12Sn4,False,False,0.18078312277793884,0.18078312277793884,-1.9919990990047154e-08,1.4781951904296875e-05,4.0000000002482494e-05,False
395,N6Na8Re2,False,False,0.13677722215652466,0.13677722215652466,-2.168735591112636e-07,9.5367431640625e-06,1.999999999990898e-05,False
396,As2Cu2Na4,False,True,0.041084736585617065,0.041084736585617065,-2.1139670991487947e-07,2.1457672119140625e-06,0.08940000000000037,False
397,Na2SbTl,False,True,1.693823105597403e-05,1.693823105597403e-05,-7.518820285797119,8.097849786281586e-07,0.007049999999999557,False
398,Na12P8W2,False,False,0.8186984658241272,0.8186984658241272,5.297411931337592e-08,1.621246337890625e-05,2.000000000235147e-05,False
399,As8Na16Ti2,False,False,0.08264748752117157,0.08264748752117157,-9.696379699164481e-09,1.4007091522216797e-05,2.000000000235147e-05,False
400,Au4Ba2P8,False,False,0.20787131786346436,0.20787131786346436,-0.03949502110481262,1.594400964677334e-05,2.000000000096369e-05,False
401,B8Ba4S16,False,False,0.11018532514572144,0.11018532514572144,-1.2858131981374754e-07,3.401562571525574e-05,3.9999999999207336e-05,False
402,Ba8F16O12W4,False,False,0.6084405183792114,0.6084405183792114,-1.3435575283438084e-06,2.2649765014648438e-05,4.0000000001150227e-05,False
403,Ba4Ge8P8,False,False,0.24312745034694672,0.24312745034694672,-4.1346189050273097e-07,2.2351741790771484e-05,0.048429999999997086,False
404,Ag8Ba4Te8,False,False,0.15572723746299744,0.15572723746299744,-2.442435054206271e-08,3.693997859954834e-05,3.999999999848569e-05,False
405,Ba2MoNiO6,False,False,0.40386104583740234,0.40386104583740234,-1.2210028899062308e-07,3.933906555175781e-06,2.0000000001463292e-05,False
406,As8Ba4Ga8,False,False,0.23225975036621094,0.23225975036621094,-1.3585265890014853e-07,4.614889621734619e-05,4.000000001180837e-05,False
407,Ba2NbO6Rh,False,False,0.10799145698547363,0.10799145698547363,1.5863247426750604e-07,1.1494948012114037e-05,1.0000000004950493e-05,False
408,BaBi2Mg2,False,True,0.04946554824709892,0.04946554824709892,-2.4072167548183643e-07,1.145912756328471e-05,0.09062999999999954,False
409,Ba4Hf4S12,False,False,0.07094119489192963,0.07094119489192963,-1.2826131978727062e-07,1.7277896404266357e-05,3.999999999848569e-05,False
410,Ba8Ge8Te20,False,False,0.2527548670768738,0.2527548670768738,-1.760941472639388e-07,2.761930227279663e-05,4.0000000002482494e-05,False
411,Ba16Ge16N32,False,False,0.10973505675792694,0.10973505675792694,-2.601146888991934e-07,1.8358230590820312e-05,4.000000003223647e-05,False
412,BaHgO2,False,False,0.15207600593566895,0.15207600593566895,-2.2133783659228357e-06,8.58306884765625e-06,0.00026999999999999247,False
413,HBaGaSi,False,False,0.21702253818511963,0.21702253818511963,-1.5034584066597745e-07,4.750352672999725e-06,1.0000000000287557e-05,False
414,HAlBaGe,False,False,0.1399363875389099,0.1399363875389099,-1.5004088993464393e-07,3.0680326744914055e-05,4.440892098500626e-16,False
415,H16Ba8Pd4,False,False,0.26617762446403503,0.26617762446403503,-0.15304800868034363,2.049654722213745e-05,3.999999999981796e-05,False
416,Ba2O4Zr,False,False,0.27364230155944824,0.27364230155944824,-4.042110504087759e-07,8.508563041687012e-06,1.99999999999749e-05,False
417,C6Ba6Ir2N6,False,False,0.3038955628871918,0.3038955628871918,-2.760611721441819e-07,2.4073495296761394e-05,3.999999999937387e-05,False
418,Ba6In4P8,False,False,0.13315773010253906,0.13315773010253906,2.602614301849826e-08,1.3366341590881348e-05,2.000000000010327e-05,False
419,Ba4Ca4Si4,False,False,0.14245018362998962,0.14245018362998962,-7.585203576354616e-08,4.693283699452877e-06,0.22552000000000127,False
420,Ba2Li2Sb2,False,True,1.775380951585248e-05,1.775380951585248e-05,1.5772891881482565e-09,3.634385393525008e-06,0.014200000000000657,True
421,Ba8Br12O2,False,False,0.14000512659549713,0.14000512659549713,-4.644745743576095e-08,3.345310688018799e-06,3.9999999996709334e-05,False
422,Ba8I12O2,False,False,0.07815074175596237,0.07815074175596237,-1.2094987233979282e-08,2.849102020263672e-05,3.999999999937387e-05,False
423,Ba10N12Ti4,False,False,0.22489196062088013,0.22489196062088013,-7.856946382389651e-08,2.5510787963867188e-05,1.999999999990898e-05,False
424,As4Ba4Zn2,False,False,0.11327461153268814,0.11327461153268814,5.322252638606528e-10,1.2996632904105354e-05,1.7763568394002505e-15,False
425,Ba32N38Nb10,False,False,0.3253122568130493,0.3253122568130493,-0.047337308526039124,2.288818359375e-05,3.999999999970694e-05,False
426,Ba6Cr2N6,False,False,0.40020230412483215,0.40020230412483215,-1.0331862654311408e-07,1.488305497332476e-05,1.999999999990898e-05,False
427,BaSe,False,True,8.501584147779795e-07,8.501584147779795e-07,-5.976347949854244e-08,9.169614713755436e-06,0.0014799999999999258,True
428,AuBa2Bi,False,True,1.1554919183254242e-05,1.1554919183254242e-05,-0.9361546635627747,2.5671783987490926e-07,0.0026599999999998847,False
429,Ba12Ge4O4,False,False,0.12386000156402588,0.12386000156402588,-3.176110752178829e-08,1.4171004295349121e-05,1.2434497875801753e-14,False
430,Co2F12Ni2Rb2,False,False,0.05123487114906311,0.05123487114906311,-0.08834732323884964,8.612871170043945e-06,2.0000000003683738e-05,False
431,B3Be6F6O9Rb3,False,False,0.14302104711532593,0.14302104711532593,-1.2851455721829552e-06,2.0034611225128174e-05,0.024960000000003202,False
432,Br8Hg2PdRb2,False,False,0.17964619398117065,0.17964619398117065,-0.20828692615032196,6.0498714447021484e-06,2.000000000035307e-05,False
433,O8Rb2Tc2,False,False,0.3053613305091858,0.3053613305091858,-1.7983483076022821e-06,2.1755695343017578e-05,3.999999999848569e-05,False
434,Br6Pb2Rb2,False,False,0.0512656643986702,0.0512656643986702,-8.618267344218111e-08,6.963018677197397e-06,1.9999999999999944e-05,False
435,Br6Ni2Rb2,False,False,0.08625882863998413,0.08625882863998413,-5.34023527620775e-08,1.0788440704345703e-05,0.0026600000000003288,False
436,Br6Rb2V2,False,True,0.00749678909778595,0.00749678909778595,-0.26236605644226074,2.2649765014648438e-06,0.004529999999999701,False
437,Cl6LiRb2Rh,False,False,0.05746316909790039,0.05746316909790039,-0.10522046685218811,1.043081283569336e-05,2.0000000000131024e-05,False
438,Pd6Rb4Se8,False,False,0.2817938029766083,0.2817938029766083,-1.615617293282412e-07,1.9159168004989624e-05,4.0000000000040004e-05,False
439,F6NbRb2,False,False,0.08956519514322281,0.08956519514322281,-0.1222754493355751,5.066394805908203e-06,0.002289999999998571,False
440,Ag4Rb4S8Ti2,False,False,0.17979396879673004,0.17979396879673004,-0.005459481384605169,2.6360154151916504e-05,2.0000000001463292e-05,False
441,HgRb2SnTe4,False,True,0.041181325912475586,0.041181325912475586,-1.419087425347243e-07,1.1444091796875e-05,1.000000000095369e-05,True
442,O2RbTl,False,False,0.22783413529396057,0.22783413529396057,-2.854621925507672e-07,3.874301910400391e-06,0.002020000000000355,False
443,LaRbS2,False,True,0.02693188190460205,0.02693188190460205,-3.149896485865611e-07,1.430511474609375e-06,0.0016699999999998383,True
444,Br16Co4Rb8,False,False,0.0737060010433197,0.0737060010433197,-0.19142481684684753,1.5859097402426414e-05,0.06941999999999982,False
445,Br4Cl4Cr2Rb4,False,False,0.09548333287239075,0.09548333287239075,-2.9970809833912426e-08,3.0377990697161295e-05,1.9999999999686935e-05,False
446,N40Rb24W16,False,False,0.4110625088214874,0.4110625088214874,-0.04384612664580345,3.24249267578125e-05,0.00010000000000731646,False
447,Rb2Sb4,False,False,0.15881866216659546,0.15881866216659546,-7.749407870960567e-08,5.662441253662109e-06,0.009660000000000224,False
448,Rb4Se6Sn2,False,False,0.1912757158279419,0.1912757158279419,-3.12426692516965e-07,2.1129846572875977e-05,2.0000000000575113e-05,False
449,Cu4O4Rb4,False,False,0.14818724989891052,0.14818724989891052,-4.885453108727233e-07,1.1898577213287354e-05,2.9999999999308358e-05,False
450,P4Pt2Rb4,False,False,0.10168430209159851,0.10168430209159851,-0.1004793792963028,1.2278556823730469e-05,1.999999999946489e-05,False
451,PdRb2Te2,False,False,0.2210267037153244,0.2210267037153244,-5.694538529610327e-08,1.702694862615317e-05,9.99999999995449e-06,False
452,As4Ni2Rb4,False,False,0.1803094446659088,0.1803094446659088,-1.2272523974843352e-07,4.470348358154297e-06,1.9999999999575913e-05,False
453,Cd4O8Rb8,False,False,0.10577620565891266,0.10577620565891266,-2.476392637618119e-07,7.445923984050751e-06,8.000000000096819e-05,False
454,Mn2Rb4S4,False,False,0.2734259068965912,0.2734259068965912,-9.803932243812596e-08,8.620321750640869e-06,0.01075999999999988,False
455,Au5O2Rb7,False,False,0.12434264272451401,0.12434264272451401,-7.685096115039869e-09,6.660819053649902e-06,1.0000000000010001e-05,False
456,As8Nb2Rb14,False,False,0.3563542366027832,0.3563542366027832,-4.059932123823273e-08,1.1265277862548828e-05,0.12908000000000142,False
457,Rb2Te,False,True,7.865019142627716e-07,7.865019142627716e-07,-4.178712098568127e-10,2.3283064365386963e-07,0.0004999999999999449,True
458,Cr5KS8,False,False,0.11260285973548889,0.11260285973548889,-2.015771229935126e-07,6.67572021484375e-06,1.0000000000176534e-05,False
459,K8N56Si40,False,False,0.31747835874557495,0.31747835874557495,-4.2240270659021917e-07,2.6702880859375e-05,0.00010000000003307363,False
460,Ba8Bi6K2O2,False,False,0.27121788263320923,0.27121788263320923,-6.108039229957285e-08,1.728534698486328e-05,3.999999999315662e-05,False
461,Cu8K4S16V4,False,False,0.21059775352478027,0.21059775352478027,-0.2319888174533844,1.430511474609375e-05,4.0000000004924985e-05,False
462,Cu8K4Nb4Se16,False,False,0.113348588347435,0.113348588347435,-0.14509660005569458,2.396106719970703e-05,1.999999999990898e-05,False
463,K2Pr2Se8Si2,False,False,0.15312696993350983,0.15312696993350983,-1.857115847769819e-07,1.233816146850586e-05,0.015020000000000006,False
464,Be2F8K2Pb,False,False,0.2202656865119934,0.2202656865119934,-0.3032129406929016,6.884336471557617e-06,0.09500999999999893,False
465,Cd4Cl12K4,False,False,0.10131190717220306,0.10131190717220306,-1.2452503028725914e-07,1.3321638107299805e-05,3.9999999997153424e-05,False
466,H12Al2K4Li2,False,False,0.10429973155260086,0.10429973155260086,-2.8697559173451737e-07,9.059906005859375e-06,2.000000000235147e-05,False
467,Cl6K2Re,False,True,0.03122420608997345,0.03122420608997345,-0.298911452293396,1.7881393432617188e-06,0.014810000000000656,False
468,F6K2Th,False,False,0.11923840641975403,0.11923840641975403,-5.248411980574019e-07,1.0655145160853863e-05,0.009000000000001451,False
469,K2Nb2S4,False,False,0.1522255539894104,0.1522255539894104,-3.2652158665769093e-07,5.7220458984375e-06,0.009080000000000088,False
470,H8K4Pt2,False,False,0.2484644055366516,0.2484644055366516,-3.7715213352385035e-07,8.979177437140606e-06,2.0000000001019203e-05,False
471,K2Sb2Sn2,False,False,0.17027483880519867,0.17027483880519867,-1.6365093813419662e-07,3.680586814880371e-05,0.02972000000000019,False
472,KSbZn,False,True,3.245827610953711e-05,3.245827610953711e-05,-7.947851088374591e-08,4.998117674404057e-06,0.17533999999999983,False
473,K2Mg2P2,False,False,0.11864570528268814,0.11864570528268814,1.1716470993405892e-07,1.0013580322265625e-05,0.0,False
474,Bi2Ca2K2,False,False,0.15760256350040436,0.15760256350040436,-3.62259164887746e-08,8.717179298400879e-07,0.1705700000000001,False
475,As4In2K4Na2,False,False,0.1294364333152771,0.1294364333152771,-8.506182780365634e-08,1.3008713722229004e-05,2.000000000035307e-05,False
476,K30N38Os14,False,False,1.2922698259353638,1.2922698259353638,-0.13131903111934662,2.3365020751953125e-05,6.0000000001947384e-05,False
477,Au3K3Sb2,False,False,0.10991284251213074,0.10991284251213074,-9.543330037331543e-08,1.430511474609375e-05,0.0046399999999998665,False
478,K2PdSe2,False,False,0.06925879418849945,0.06925879418849945,-2.389232633959182e-07,6.862519057904137e-06,1.0000000000509601e-05,False
479,K2PtTe2,False,False,0.07029079645872116,0.07029079645872116,-1.6584128559316014e-07,1.9073486328125e-06,0.0024200000000001998,False
480,HgK2O2,False,False,0.09753914177417755,0.09753914177417755,-1.206474280479597e-07,6.67572021484375e-06,0.00662999999999947,False
481,K2NiO2,False,False,0.16930286586284637,0.16930286586284637,-9.207220728058019e-07,1.2159347534179688e-05,1.0000000000065512e-05,False
482,K4Mn2Te4,False,False,0.10733138024806976,0.10733138024806976,-1.0180368548162733e-08,1.1026859283447266e-05,0.21557999999999944,False
483,Bi4K12Te12,False,False,0.06924662739038467,0.06924662739038467,-1.532498750123068e-08,1.014024019241333e-05,8.881784197001252e-15,False
484,BrK,False,True,3.50098844137392e-07,3.50098844137392e-07,-1.2706856011845957e-07,5.960464477539062e-07,0.0020499999999998852,True
485,Au2Bi2K4,False,False,0.20995520055294037,0.20995520055294037,-0.30290356278419495,1.1682510375976562e-05,1.999999999990898e-05,False
486,Cu2K4Sb2,False,False,0.1314956545829773,0.1314956545829773,-0.41038182377815247,9.775161743164062e-06,8.881784197001252e-16,False
487,Co2K12Se8,False,False,0.08916950225830078,0.08916950225830078,-1.0905587544129958e-09,1.0336749255657196e-05,5.999999999928285e-05,False
488,As2K4Zn,False,False,0.16158270835876465,0.16158270835876465,-1.3895984807277273e-07,1.430511474609375e-06,0.20913000000000048,False
489,K16Sb8Sn2,False,False,0.07297956943511963,0.07297956943511963,-3.519898683634892e-08,1.593679189682007e-05,4.0000000000040004e-05,False
490,Au2K10P4,False,False,0.2726830840110779,0.2726830840110779,-5.181060913628244e-08,3.337860107421875e-06,3.99999999980416e-05,False
491,Cs2O24P8Tb2,False,False,0.18957635760307312,0.18957635760307312,-1.7111415218096226e-06,3.11732292175293e-05,2.0000000001463292e-05,False
492,Cs2Nd10Se16,False,False,0.09328902512788773,0.09328902512788773,-5.256598356595532e-08,1.3442710041999817e-05,2.0000000005016005e-05,False
493,Cl12Cs2Ta2,False,False,0.08769524097442627,0.08769524097442627,-2.4727762593101943e-07,1.558661460876465e-05,3.999999999948489e-05,False
494,Cs2Hg3S8Sn2,False,False,0.21620126068592072,0.21620126068592072,-0.021800348535180092,1.4185905456542969e-05,2.0000000000047757e-05,False
495,Cs2Pt4Se6,False,False,0.12534895539283752,0.12534895539283752,-1.821357642484145e-07,3.325939178466797e-05,3.000000000130676e-05,False
496,Cr3Cs3F12,False,False,0.270678848028183,0.270678848028183,-3.1790938237463706e-07,7.770955562591553e-06,6.0000000004833964e-05,False
497,Cd2Cs2La2Te6,False,False,0.2208973467350006,0.2208973467350006,-2.436695467622485e-08,9.913345820677932e-06,1.999999999657831e-05,False
498,Au2Cs2Se6,False,False,0.2935703992843628,0.2935703992843628,-0.23361216485500336,6.560236215591431e-06,2.00000000000161e-05,False
499,Cl3CsPb,False,True,0.00853032898157835,0.00853032898157835,-0.189805805683136,3.2782554626464844e-07,0.0033500000000006303,False
500,Cl27Cs9Hg9,False,False,0.11352311074733734,0.11352311074733734,-0.09223219752311707,1.33514404296875e-05,6.0000000018378685e-05,False
501,Cs4I12Sn4,False,False,0.11294771730899811,0.11294771730899811,-3.9533349927012296e-09,7.474263838957995e-06,4.0000000002926583e-05,False
502,CdCsF3,False,True,3.5925768315792084e-07,3.5925768315792084e-07,1.2139769012264878e-07,2.942486389656551e-06,0.003330000000000055,True
503,Cs2I6V2,False,False,0.06398893892765045,0.06398893892765045,-0.8257036805152893,1.2873835657956079e-05,2.0000000000131024e-05,False
504,Cs2I6Mn2,False,False,0.06393817067146301,0.06393817067146301,-0.1895333081483841,3.873245987051632e-06,0.004089999999997929,False
505,Cs4Ni6S8,False,False,0.26650699973106384,0.26650699973106384,-3.933106995646085e-07,4.237679604557343e-06,5.999999999772854e-05,False
506,Cs2F6Tc,False,False,0.08591688424348831,0.08591688424348831,-7.632753522557323e-07,1.0132789611816406e-05,2.999999999997449e-05,False
507,Cl6Cs2Hf,False,False,0.07807262241840363,0.07807262241840363,-0.05339498817920685,1.571337747918733e-06,3.000000000086267e-05,False
508,Cs2HfI6,False,False,0.0649862140417099,0.0649862140417099,-8.924939720600378e-08,7.0035457611083984e-06,0.015359999999999818,False
509,Ag2Cs4Nb2S8,False,False,0.13901224732398987,0.13901224732398987,-0.14477695524692535,8.58306884765625e-06,4.000000000048409e-05,False
510,Cs2N4Nb2,False,True,2.5397399440407753e-05,2.5397399440407753e-05,-0.8642876744270325,2.956390380859375e-05,0.0003800000000007131,False
511,Cs4Mn2Sn2Te8,False,False,0.12093228101730347,0.12093228101730347,2.0155781044195464e-08,1.0132789611816406e-05,1.9999999999985307e-05,False
512,Ag8Cs8O8,False,False,0.3304409384727478,0.3304409384727478,-1.4391432046068076e-07,1.0251998901367188e-05,3.9999999998707736e-05,False
513,H10Cs6Mn2,False,False,0.07225452363491058,0.07225452363491058,-0.038576625287532806,1.5558485756628215e-05,2.9999999999956738e-05,False
514,Cs8S12Ti4,False,False,0.14064082503318787,0.14064082503318787,-0.0390770360827446,1.4185905456542969e-05,8.000000000407681e-05,False
515,Cs4Se6Zr2,False,False,0.2743133306503296,0.2743133306503296,-2.1737756483730664e-08,5.5283308029174805e-06,2.0000000000575113e-05,False
516,Cs4Ga2Na2P4,False,False,0.1477011740207672,0.1477011740207672,-4.208113324466467e-08,1.1324882507324219e-05,2.000000000279556e-05,False
517,Br12Cs8Pb2,False,True,0.039367422461509705,0.039367422461509705,-0.13566911220550537,1.631304621696472e-05,3.999999999995674e-05,False
518,C3Cs6N6,False,False,0.14313152432441711,0.14313152432441711,-7.118498501768045e-07,1.33514404296875e-05,2.000000000003388e-05,False
519,As4Cs4Pt2,False,False,0.19804181158542633,0.19804181158542633,-1.3372643081766e-07,9.059906005859375e-06,2.0000000001019203e-05,False
520,As4Cs4Pd2,False,False,0.2593230605125427,0.2593230605125427,-2.674512700195919e-07,1.5020370483398438e-05,2.0000000000797158e-05,False
521,As4Cs4Sn2,False,False,0.2588036060333252,0.2588036060333252,-1.1604860361558167e-07,2.1457672119140625e-05,0.08578999999999937,False
522,Cs2NiO2,False,False,0.1510120928287506,0.1510120928287506,-5.607693651654699e-07,3.814697265625e-06,1.0000000000509601e-05,False
523,AuCs,False,True,3.632158041000366e-08,3.632158041000366e-08,-2.986480396316438e-08,7.727159356818447e-08,0.000140000000000029,True
524,HCs,False,True,6.807968020439148e-07,6.807968020439148e-07,-7.45090034115492e-08,2.3172469809651375e-07,0.0,True
525,Cs2HgTe,False,True,3.8370490074157715e-07,3.8370490074157715e-07,-7.845056160249442e-09,3.032373570022173e-07,4.440892098500626e-16,True
526,Au2Cs6O2,False,True,0.035645872354507446,0.035645872354507446,-0.9368379712104797,1.3321638107299805e-05,2.0000000000131024e-05,False
527,Cs3Sb,False,True,4.6938657760620117e-07,4.6938657760620117e-07,-0.39265531301498413,3.363238647580147e-07,0.0,False
